# -*- coding: utf-8 -*-

# Resource object code
#
# Created by: The Resource Compiler for PyQt5 (Qt v5.15.2)
#
# WARNING! All changes made in this file will be lost!

from PyQt5 import QtCore

qt_resource_data = b"\
\x00\x00\x66\xed\
\x89\
\x50\x4e\x47\x0d\x0a\x1a\x0a\x00\x00\x00\x0d\x49\x48\x44\x52\x00\
\x00\x01\xf4\x00\x00\x01\xf4\x08\x06\x00\x00\x00\xcb\xd6\xdf\x8a\
\x00\x00\x10\x00\x49\x44\x41\x54\x78\x01\xec\x9d\x07\x7c\x95\xd5\
\xfd\xc6\xdf\xf7\xde\xec\xc9\xd2\x2a\xb8\x50\x71\xa1\xd5\x2a\xda\
\x3a\x5b\x5a\xb1\xce\xa2\xf8\x17\x37\x2a\xca\x96\x99\x10\xc2\x0e\
\x3b\x84\xbd\x41\x86\x2c\x51\x1c\xa8\x58\xeb\xaa\x52\xb7\x22\xa2\
\xb4\x52\x51\x40\x9c\x54\x41\x46\xc8\x4e\xee\xf8\x3f\xcf\x29\x89\
\x40\x19\x21\xb9\xef\xcd\x1d\x4f\x3e\x39\x79\xd7\x79\x7f\xe7\x77\
\xbe\xe7\x3d\xe7\x39\xe3\xbd\x37\x2e\x4b\x3f\x22\x20\x02\x22\x20\
\x02\x22\x20\x02\x61\x4f\x40\x82\x1e\xf6\x45\xa8\x0c\x88\x80\x08\
\x88\x80\x08\x88\x80\x65\x39\x2b\xe8\x22\x2c\x02\x22\x20\x02\x22\
\x20\x02\x22\x10\x14\x02\x12\xf4\xa0\x60\x56\x22\x22\x20\x02\x22\
\x20\x02\x22\xe0\x2c\x81\x70\x16\x74\x67\xc9\xc8\xba\x08\x88\x80\
\x08\x88\x80\x08\x84\x11\x01\x09\x7a\x18\x15\x96\x5c\x15\x01\x11\
\x10\x01\x11\x10\x81\x43\x11\x90\xa0\x1f\x8a\x8c\xce\x8b\x80\x08\
\x88\x80\x08\x88\x40\x18\x11\x90\xa0\x87\x51\x61\xc9\x55\x11\x10\
\x01\x11\x10\x01\x11\x38\x14\x01\x09\xfa\xa1\xc8\x38\x7b\x5e\xd6\
\x45\x40\x04\x44\x40\x04\x44\x20\xa0\x04\x24\xe8\x01\xc5\x29\x63\
\x22\x20\x02\x22\x20\x02\x22\x50\x37\x04\x24\xe8\x75\xc3\xdd\xd9\
\x54\x65\x5d\x04\x44\x40\x04\x44\x20\xea\x08\x48\xd0\xa3\xae\xc8\
\x95\x61\x11\x10\x01\x11\x10\x81\x48\x24\x20\x41\x8f\xc4\x52\x75\
\x36\x4f\xb2\x2e\x02\x22\x20\x02\x22\x10\x82\x04\x24\xe8\x21\x58\
\x28\x72\x49\x04\x44\x40\x04\x44\x40\x04\x8e\x96\x80\x04\xfd\x68\
\x89\x29\xbe\xb3\x04\x64\x5d\x04\x44\x40\x04\x44\xa0\x46\x04\x24\
\xe8\x35\xc2\xa6\x9b\x44\x40\x04\x44\x40\x04\x44\x20\xb4\x08\x48\
\xd0\x43\xab\x3c\xe4\x8d\xb3\x04\x64\x5d\x04\x44\x40\x04\x22\x96\
\x80\x04\x3d\x62\x8b\x56\x19\x13\x01\x11\x10\x01\x11\x88\x26\x02\
\x12\xf4\x68\x2a\x6d\xe5\xd5\x59\x02\xb2\x2e\x02\x22\x20\x02\x75\
\x48\x40\x82\x5e\x87\xf0\x95\xb4\x08\x88\x80\x08\x88\x80\x08\x04\
\x8a\x80\x04\x3d\x50\x24\x65\x47\x04\x9c\x25\x20\xeb\x22\x20\x02\
\x22\x70\x58\x02\x12\xf4\xc3\xe2\xd1\x45\x11\x10\x01\x11\x10\x01\
\x11\x08\x0f\x02\x12\xf4\xf0\x28\x27\x79\x29\x02\xce\x12\x90\x75\
\x11\x10\x81\xb0\x27\x20\x41\x0f\xfb\x22\x54\x06\x44\x40\x04\x44\
\x40\x04\x44\xc0\xb2\x24\xe8\x7a\x0a\x44\x40\x04\x9c\x26\x20\xfb\
\x22\x20\x02\x41\x20\x20\x41\x0f\x02\x64\x25\x21\x02\x22\x20\x02\
\x22\x20\x02\x4e\x13\x90\xa0\x3b\x4d\x58\xf6\x45\x40\x04\x9c\x25\
\x20\xeb\x22\x20\x02\x86\x80\x04\xdd\x60\xd0\x1f\x11\x10\x01\x11\
\x10\x01\x11\x08\x6f\x02\x12\xf4\xf0\x2e\x3f\x79\x2f\x02\x22\xe0\
\x2c\x01\x59\x17\x81\xb0\x21\x20\x41\x0f\x9b\xa2\x92\xa3\x22\x20\
\x02\x22\x20\x02\x22\x70\x68\x02\x12\xf4\x43\xb3\xd1\x15\x11\x10\
\x01\x11\x70\x96\x80\xac\x8b\x40\x00\x09\x48\xd0\x03\x08\x53\xa6\
\x44\x40\x04\x44\x40\x04\x44\xa0\xae\x08\x48\xd0\xeb\x8a\xbc\xd2\
\x15\x01\x11\x10\x01\x67\x09\xc8\x7a\x94\x11\x90\xa0\x47\x59\x81\
\x2b\xbb\x22\x20\x02\x22\x20\x02\x91\x49\x40\x82\x1e\x99\xe5\xaa\
\x5c\x89\x80\x08\x88\x80\xb3\x04\x64\x3d\xe4\x08\x48\xd0\x43\xae\
\x48\xe4\x90\x08\x88\x80\x08\x88\x80\x08\x1c\x3d\x01\x09\xfa\xd1\
\x33\xd3\x1d\x22\x20\x02\x22\x20\x02\xce\x12\x90\xf5\x1a\x10\x90\
\xa0\xd7\x00\x9a\x6e\x11\x01\x11\x10\x01\x11\x10\x81\x50\x23\x20\
\x41\x0f\xb5\x12\x91\x3f\x22\x20\x02\x22\x20\x02\xce\x12\x88\x50\
\xeb\x12\xf4\x08\x2d\x58\x65\x4b\x04\x44\x40\x04\x44\x20\xba\x08\
\x48\xd0\xa3\xab\xbc\x95\x5b\x11\x10\x01\x11\x10\x01\x67\x09\xd4\
\x99\x75\x09\x7a\x9d\xa1\x57\xc2\x22\x20\x02\x22\x20\x02\x22\x10\
\x38\x02\x12\xf4\xc0\xb1\x94\x25\x11\x10\x01\x11\x10\x01\x11\x70\
\x96\xc0\x61\xac\x4b\xd0\x0f\x03\x47\x97\x44\x40\x04\x44\x40\x04\
\x44\x20\x5c\x08\x48\xd0\xc3\xa5\xa4\xe4\xa7\x08\x88\x80\x08\x88\
\x80\x08\x1c\x86\x40\x00\x04\xfd\x30\xd6\x75\x49\x04\x44\x40\x04\
\x44\x40\x04\x44\x20\x28\x04\x24\xe8\x41\xc1\xac\x44\x44\x40\x04\
\x44\x40\x04\x44\xc0\x59\x02\x21\x2f\xe8\xce\x66\x5f\xd6\x45\x40\
\x04\x44\x40\x04\x44\x20\x32\x08\x48\xd0\x23\xa3\x1c\x95\x0b\x11\
\x10\x01\x11\x10\x81\x28\x27\x10\xe5\x82\x1e\xe5\xa5\xaf\xec\x8b\
\x80\x08\x88\x80\x08\x44\x0c\x01\x09\x7a\xc4\x14\xa5\x32\x22\x02\
\x22\x20\x02\x22\x10\xcd\x04\x24\xe8\x0e\x96\xbe\x4c\x8b\x80\x08\
\x88\x80\x08\x88\x40\xb0\x08\x48\xd0\x83\x45\x5a\xe9\x88\x80\x08\
\x88\x80\x08\x88\x80\x83\x04\x24\xe8\x0e\xc2\x75\xd6\xb4\xac\x8b\
\x80\x08\x88\x80\x08\x88\xc0\x2f\x04\x24\xe8\xbf\xb0\xd0\x9e\x08\
\x88\x80\x08\x88\x80\x08\x84\x2d\x01\x09\x7a\xd8\x16\x9d\xb3\x8e\
\xcb\xba\x08\x88\x80\x08\x88\x40\x78\x11\x90\xa0\x87\x57\x79\xc9\
\x5b\x11\x10\x01\x11\x10\x01\x11\x38\x28\x01\x09\xfa\x41\xb1\xe8\
\xa4\xb3\x04\x64\x5d\x04\x44\x40\x04\x44\x20\xd0\x04\x24\xe8\x81\
\x26\x2a\x7b\x22\x20\x02\x22\x20\x02\x22\x50\x07\x04\x24\xe8\x75\
\x00\x5d\x49\x3a\x4b\x40\xd6\x45\x40\x04\x44\x20\x1a\x09\x48\xd0\
\xa3\xb1\xd4\x95\x67\x11\x10\x01\x11\x10\x81\x88\x23\x20\x41\x8f\
\xb8\x22\x55\x86\x9c\x25\x20\xeb\x22\x20\x02\x22\x10\x9a\x04\x24\
\xe8\xa1\x59\x2e\xf2\x4a\x04\x44\x40\x04\x44\x40\x04\x8e\x8a\x80\
\x04\xfd\xa8\x70\x29\xb2\x08\x38\x4b\x40\xd6\x45\x40\x04\x44\xa0\
\xa6\x04\x24\xe8\x35\x25\xa7\xfb\x44\x40\x04\x44\x40\x04\x44\x20\
\x84\x08\x48\xd0\x43\xa8\x30\xe4\x8a\x08\x38\x4b\x40\xd6\x45\x40\
\x04\x22\x99\x80\x04\x3d\x92\x4b\x57\x79\x13\x01\x11\x10\x01\x11\
\x88\x1a\x02\x12\xf4\xa8\x29\x6a\x65\x54\x04\x9c\x25\x20\xeb\x22\
\x20\x02\x75\x4b\x40\x82\x5e\xb7\xfc\x95\xba\x08\x88\x80\x08\x88\
\x80\x08\x04\x84\x80\x04\x3d\x20\x18\x65\x44\x04\x44\xc0\x59\x02\
\xb2\x2e\x02\x22\x70\x24\x02\x12\xf4\x23\x11\xd2\x75\x11\x10\x01\
\x11\x10\x01\x11\x08\x03\x02\x12\xf4\x30\x28\x24\xb9\x28\x02\x22\
\xe0\x2c\x01\x59\x17\x81\x48\x20\x20\x41\x8f\x84\x52\x54\x1e\x44\
\x40\x04\x44\x40\x04\xa2\x9e\x80\x04\x3d\xea\x1f\x01\x01\x10\x01\
\x11\x70\x96\x80\xac\x8b\x40\x70\x08\x48\xd0\x83\xc3\x59\xa9\x88\
\x80\x08\x88\x80\x08\x88\x80\xa3\x04\x24\xe8\x8e\xe2\x95\x71\x11\
\x10\x01\x11\x70\x96\x80\xac\x8b\x40\x25\x01\x09\x7a\x25\x09\x6d\
\x45\x40\x04\x44\x40\x04\x44\x20\x8c\x09\x48\xd0\xc3\xb8\xf0\xe4\
\xba\x08\x88\x80\x08\x38\x4b\x40\xd6\xc3\x89\x80\x04\x3d\x9c\x4a\
\x4b\xbe\x8a\x80\x08\x88\x80\x08\x88\xc0\x21\x08\x48\xd0\x0f\x01\
\x46\xa7\x45\x40\x04\x44\x40\x04\x9c\x25\x20\xeb\x81\x25\x20\x41\
\x0f\x2c\x4f\x59\x13\x01\x11\x10\x01\x11\x10\x81\x3a\x21\x20\x41\
\xaf\x13\xec\x4a\x54\x04\x44\x40\x04\x44\xc0\x59\x02\xd1\x67\x5d\
\x82\x1e\x7d\x65\xae\x1c\x8b\x80\x08\x88\x80\x08\x44\x20\x01\x09\
\x7a\x04\x16\xaa\xb2\x24\x02\x22\x20\x02\x22\xe0\x2c\x81\x50\xb4\
\x2e\x41\x0f\xc5\x52\x91\x4f\x22\x20\x02\x22\x20\x02\x22\x70\x94\
\x04\x24\xe8\x47\x09\x4c\xd1\x45\x40\x04\x44\x40\x04\x44\xc0\x59\
\x02\x35\xb3\x2e\x41\xaf\x19\x37\xdd\x25\x02\x22\x20\x02\x22\x20\
\x02\x21\x45\x40\x82\x1e\x52\xc5\x21\x67\x44\x40\x04\x44\x40\x04\
\x44\xa0\x66\x04\xaa\x2b\xe8\x35\xb3\xae\xbb\x44\x40\x04\x44\x40\
\x04\x44\x40\x04\x82\x42\x40\x82\x1e\x14\xcc\x4a\x44\x04\x44\x40\
\x04\x44\x40\x04\x9c\x25\x10\x1a\x82\xee\x6c\x1e\x65\x5d\x04\x44\
\x40\x04\x44\x40\x04\x22\x9e\x80\x04\x3d\xe2\x8b\x58\x19\x14\x01\
\x11\x10\x01\x11\x88\x06\x02\xd1\x20\xe8\xd1\x50\x8e\xca\xa3\x08\
\x88\x80\x08\x88\x40\x94\x13\x90\xa0\x47\xf9\x03\xa0\xec\x8b\x80\
\x08\x88\x80\x08\x44\x06\x01\x09\x7a\x6d\xcb\x51\xf7\x8b\x80\x08\
\x88\x80\x08\x88\x40\x08\x10\x90\xa0\x87\x40\x21\xc8\x05\x11\x10\
\x01\x11\x10\x01\x11\xa8\x2d\x01\x09\x7a\x6d\x09\x3a\x7b\xbf\xac\
\x8b\x80\x08\x88\x80\x08\x88\x40\xb5\x08\x48\xd0\xab\x85\x49\x91\
\x44\x40\x04\x44\x40\x04\x44\x20\xb4\x09\x48\xd0\x43\xbb\x7c\x9c\
\xf5\x4e\xd6\x45\x40\x04\x44\x40\x04\x22\x86\x80\x04\x3d\x62\x8a\
\x52\x19\x11\x01\x11\x10\x01\x11\x88\x66\x02\x12\xf4\x68\x2e\x7d\
\x67\xf3\x2e\xeb\x22\x20\x02\x22\x20\x02\x41\x24\x20\x41\x0f\x22\
\x6c\x25\x25\x02\x22\x20\x02\x22\x20\x02\x4e\x11\x90\xa0\x3b\x45\
\x56\x76\x9d\x25\x20\xeb\x22\x20\x02\x22\x20\x02\xfb\x11\x90\xa0\
\xef\x87\x43\x07\x22\x20\x02\x22\x20\x02\x22\x10\x9e\x04\x24\xe8\
\xe1\x59\x6e\xf2\xda\x59\x02\xb2\x2e\x02\x22\x20\x02\x61\x47\x40\
\x82\x1e\x76\x45\x26\x87\x45\x40\x04\x44\x40\x04\x44\xe0\x7f\x09\
\x48\xd0\xff\x97\x89\xce\x88\x80\xb3\x04\x64\x5d\x04\x44\x40\x04\
\x1c\x20\x20\x41\x77\x00\xaa\x4c\x8a\x80\x08\x88\x80\x08\x88\x40\
\xb0\x09\x48\xd0\x83\x4d\x5c\xe9\x89\x80\xb3\x04\x64\x5d\x04\x44\
\x20\x4a\x09\x48\xd0\xa3\xb4\xe0\x95\x6d\x11\x10\x01\x11\x10\x81\
\xc8\x22\x20\x41\x8f\xac\xf2\x54\x6e\x44\xc0\x59\x02\xb2\x2e\x02\
\x22\x10\xb2\x04\x24\xe8\x21\x5b\x34\x72\x4c\x04\x44\x40\x04\x44\
\x40\x04\xaa\x4f\x40\x82\x5e\x7d\x56\x8a\x29\x02\x22\xe0\x2c\x01\
\x59\x17\x01\x11\xa8\x05\x01\x09\x7a\x2d\xe0\xe9\x56\x11\x10\x01\
\x11\x10\x01\x11\x08\x15\x02\x12\xf4\x50\x29\x09\xf9\x21\x02\x22\
\xe0\x2c\x01\x59\x17\x81\x08\x27\x20\x41\x8f\xf0\x02\x56\xf6\x44\
\x40\x04\x44\x40\x04\xa2\x83\x80\x04\x3d\x3a\xca\x59\xb9\x14\x01\
\x11\x70\x96\x80\xac\x8b\x40\x9d\x13\x90\xa0\xd7\x79\x11\xc8\x01\
\x11\x10\x01\x11\x10\x01\x11\xa8\x3d\x01\x09\x7a\xed\x19\xca\x82\
\x08\x88\x80\x08\x38\x4b\x40\xd6\x45\xa0\x1a\x04\x24\xe8\xd5\x80\
\xa4\x28\x22\x20\x02\x22\x20\x02\x22\x10\xea\x04\x24\xe8\xa1\x5e\
\x42\xf2\x4f\x04\x44\x40\x04\x9c\x25\x20\xeb\x11\x42\x40\x82\x1e\
\x21\x05\xa9\x6c\x88\x80\x08\x88\x80\x08\x44\x37\x01\x09\x7a\x74\
\x97\xbf\x72\x2f\x02\x22\x20\x02\xce\x12\x90\xf5\xa0\x11\x90\xa0\
\x07\x0d\xb5\x12\x12\x01\x11\x10\x01\x11\x10\x01\xe7\x08\x48\xd0\
\x9d\x63\x2b\xcb\x22\x20\x02\x22\x20\x02\xce\x12\x90\xf5\x7d\x08\
\x48\xd0\xf7\x81\xa1\x5d\x11\x10\x01\x11\x10\x01\x11\x08\x57\x02\
\x12\xf4\x70\x2d\x39\xf9\x2d\x02\x22\x20\x02\x22\xe0\x2c\x81\x30\
\xb3\x2e\x41\x0f\xb3\x02\x93\xbb\x22\x20\x02\x22\x20\x02\x22\x70\
\x30\x02\x12\xf4\x83\x51\xd1\x39\x11\x10\x01\x11\x10\x01\x11\x70\
\x96\x40\xc0\xad\x4b\xd0\x03\x8e\x54\x06\x45\x40\x04\x44\x40\x04\
\x44\x20\xf8\x04\x24\xe8\xc1\x67\xae\x14\x45\x40\x04\x44\x40\x04\
\x44\x20\xe0\x04\xf6\x13\xf4\x80\x5b\x97\x41\x11\x10\x01\x11\x10\
\x01\x11\x10\x81\xa0\x10\x90\xa0\x07\x05\xb3\x12\x11\x01\x11\x10\
\x01\x11\x10\x01\x67\x09\x04\x51\xd0\x9d\xcd\x88\xac\x8b\x80\x08\
\x88\x80\x08\x88\x40\x34\x13\x90\xa0\x47\x73\xe9\x2b\xef\x22\x20\
\x02\x22\x20\x02\x11\x43\x20\x62\x04\x3d\x62\x4a\x44\x19\x11\x01\
\x11\x10\x01\x11\x10\x81\x1a\x10\x90\xa0\xd7\x00\x9a\x6e\x11\x01\
\x11\x10\x01\x11\x10\x81\x50\x23\x20\x41\xaf\x56\x89\x28\x92\x08\
\x88\x80\x08\x88\x80\x08\x84\x36\x01\x09\x7a\x68\x97\x8f\xbc\x13\
\x01\x11\x10\x01\x11\x10\x81\x6a\x11\x90\xa0\x57\x0b\x93\xb3\x91\
\x64\x5d\x04\x44\x40\x04\x44\x40\x04\x6a\x4b\x40\x82\x5e\x5b\x82\
\xba\x5f\x04\x44\x40\x04\x44\x40\x04\x42\x80\x80\x04\x3d\x04\x0a\
\xc1\x59\x17\x64\x5d\x04\x44\x40\x04\x44\x20\x1a\x08\x48\xd0\xa3\
\xa1\x94\x95\x47\x11\x10\x01\x11\x10\x81\x88\x27\x20\x41\x8f\xf8\
\x22\x76\x36\x83\xb2\x2e\x02\x22\x20\x02\x22\x10\x1a\x04\x24\xe8\
\xa1\x51\x0e\xf2\x42\x04\x44\x40\x04\x44\x40\x04\x6a\x45\x40\x82\
\x5e\x2b\x7c\xba\xd9\x59\x02\xb2\x2e\x02\x22\x20\x02\x22\x50\x5d\
\x02\x12\xf4\xea\x92\x52\x3c\x11\x10\x01\x11\x10\x01\x11\x08\x61\
\x02\x12\xf4\x10\x2e\x1c\xb9\xe6\x2c\x01\x59\x17\x01\x11\x10\x81\
\x48\x22\x20\x41\x8f\xa4\xd2\x54\x5e\x44\x40\x04\x44\x40\x04\xa2\
\x96\x80\x04\x3d\x6a\x8b\x5e\x19\x77\x96\x80\xac\x8b\x80\x08\x88\
\x40\x70\x09\x48\xd0\x83\xcb\x5b\xa9\x89\x80\x08\x88\x80\x08\x88\
\x80\x23\x04\x24\xe8\x8e\x60\x95\x51\x11\x70\x96\x80\xac\x8b\x80\
\x08\x88\xc0\x81\x04\x24\xe8\x07\x12\xd1\xb1\x08\x88\x80\x08\x88\
\x80\x08\x84\x21\x01\x09\x7a\x18\x16\x9a\x5c\x16\x01\x67\x09\xc8\
\xba\x08\x88\x40\x38\x12\x90\xa0\x87\x63\xa9\xc9\x67\x11\x10\x01\
\x11\x10\x01\x11\x38\x80\x80\x04\xfd\x00\x20\x3a\x14\x01\x11\x70\
\x96\x80\xac\x8b\x80\x08\x38\x43\x40\x82\xee\x0c\x57\x59\x15\x01\
\x11\x10\x01\x11\x10\x81\xa0\x12\x90\xa0\x07\x15\xb7\x12\x13\x01\
\x11\x70\x96\x80\xac\x8b\x40\xf4\x12\x90\xa0\x47\x6f\xd9\x2b\xe7\
\x22\x20\x02\x22\x20\x02\x11\x44\x40\x82\x1e\x41\x85\xa9\xac\x88\
\x80\x08\x38\x4b\x40\xd6\x45\x20\x94\x09\x48\xd0\x43\xb9\x74\xe4\
\x9b\x08\x88\x80\x08\x88\x80\x08\x54\x93\x80\x04\xbd\x9a\xa0\x14\
\x4d\x04\x44\x40\x04\x9c\x25\x20\xeb\x22\x50\x3b\x02\x12\xf4\xda\
\xf1\xd3\xdd\x22\x20\x02\x22\x20\x02\x22\x10\x12\x04\x24\xe8\x21\
\x51\x0c\x72\x42\x04\x44\x40\x04\x9c\x25\x20\xeb\x91\x4f\x40\x82\
\x1e\xf9\x65\xac\x1c\x8a\x80\x08\x88\x80\x08\x44\x01\x01\x09\x7a\
\x14\x14\xb2\xb2\x28\x02\x22\x20\x02\xce\x12\x90\xf5\x50\x20\x20\
\x41\x0f\x85\x52\x90\x0f\x22\x20\x02\x22\x20\x02\x22\x50\x4b\x02\
\x12\xf4\x5a\x02\xd4\xed\x22\x20\x02\x22\x20\x02\xce\x12\x90\xf5\
\xea\x11\x90\xa0\x57\x8f\x93\x62\x89\x80\x08\x88\x80\x08\x88\x40\
\x48\x13\x90\xa0\x87\x74\xf1\xc8\x39\x11\x10\x01\x11\x10\x01\x67\
\x09\x44\x8e\x75\x09\x7a\xe4\x94\xa5\x72\x22\x02\x22\x20\x02\x22\
\x10\xc5\x04\x24\xe8\x51\x5c\xf8\xca\xba\x08\x88\x80\x08\x88\x80\
\xb3\x04\x82\x69\x5d\x82\x1e\x4c\xda\x4a\x4b\x04\x44\x40\x04\x44\
\x40\x04\x1c\x22\x20\x41\x77\x08\xac\xcc\x8a\x80\x08\x88\x80\x08\
\x88\x80\xb3\x04\xf6\xb7\x2e\x41\xdf\x9f\x87\x8e\x44\x40\x04\x44\
\x40\x04\x44\x20\x2c\x09\x48\xd0\xc3\xb2\xd8\xe4\xb4\x08\x88\x80\
\x08\x88\x80\x08\xec\x4f\x20\xd0\x82\xbe\xbf\x75\x1d\x89\x80\x08\
\x88\x80\x08\x88\x80\x08\x04\x85\x80\x04\x3d\x28\x98\x95\x88\x08\
\x88\x80\x08\x88\x80\x08\x38\x4b\x20\xbc\x04\xdd\x59\x16\xb2\x2e\
\x02\x22\x20\x02\x22\x20\x02\x61\x4b\x40\x82\x1e\xb6\x45\x27\xc7\
\x45\x40\x04\x44\x40\x04\x44\xe0\x17\x02\x12\xf4\x5f\x58\x68\x4f\
\x04\x44\x40\x04\x44\x40\x04\xc2\x96\x80\x04\x3d\x6c\x8b\x4e\x8e\
\x8b\x80\x08\x88\x80\x08\x88\xc0\x2f\x04\x24\xe8\xbf\xb0\x70\x76\
\x4f\xd6\x45\x40\x04\x44\x40\x04\x44\xc0\x41\x02\x12\x74\x07\xe1\
\xca\xb4\x08\x88\x80\x08\x88\x80\x08\x04\x8b\x80\x04\x3d\x58\xa4\
\x9d\x4d\x47\xd6\x45\x40\x04\x44\x40\x04\xa2\x9c\x80\x04\x3d\xca\
\x1f\x00\x65\x5f\x04\x44\x40\x04\x44\x20\x32\x08\x48\xd0\x23\xa3\
\x1c\x9d\xcd\x85\xac\x8b\x80\x08\x88\x80\x08\x84\x3c\x01\x09\x7a\
\xc8\x17\x91\x1c\x14\x01\x11\x10\x01\x11\x10\x81\x23\x13\x90\xa0\
\x1f\x99\x91\x62\x38\x4b\x40\xd6\x45\x40\x04\x44\x40\x04\x02\x40\
\x40\x82\x1e\x00\x88\x47\x32\xe1\xf7\xfb\xed\xed\xdb\xb7\xa7\x6e\
\xd9\xb2\xe5\xb8\xd5\xab\x57\x9f\xf8\xda\x6b\xaf\x9d\xf4\xde\x7b\
\xef\x35\x59\xb7\x6e\xdd\xb1\xdf\x7c\xf3\x4d\x7d\x5c\x77\x1f\xc9\
\x86\xae\x8b\x80\x08\x88\x40\xa8\x12\x40\x1b\x16\xfb\xd3\x4f\x3f\
\xfd\x6a\xcd\x9a\x35\xc7\xaf\x5a\xb5\xea\x84\x57\x5e\x79\xe5\xc4\
\x0f\x3e\xf8\xe0\x57\x7b\xdb\xb7\xb8\x50\xf5\x3b\xd2\xfc\x92\xa0\
\x3b\x58\xa2\x78\xc8\x5d\x1f\x7f\xfc\xf1\xe9\xf3\xe6\xcd\x6b\xdf\
\xbf\x7f\xff\x79\x5d\xba\x74\x79\x06\xdb\x95\x63\xc6\x8c\x79\x71\
\xf0\xe0\xc1\x2f\xf6\xed\xdb\xf7\xd9\x3e\x7d\xfa\x2c\xc2\xb9\x1e\
\xcf\x3f\xff\x7c\x8b\xf5\xeb\xd7\xeb\xc1\x0f\x74\x79\xc8\x9e\x08\
\x88\x80\x23\x04\xd0\xbe\xd9\x5b\xb7\x6e\x4d\x7a\xee\xb9\xe7\xae\
\xce\xcc\xcc\x1c\xd3\xb9\x73\xe7\xc7\x07\x0e\x1c\xf8\xdc\xa8\x51\
\xa3\x5e\xc8\xcb\xcb\x5b\x89\x36\x6e\x45\xd7\xae\x5d\x97\x3c\xf8\
\xe0\x83\xe3\xa7\x4f\x9f\x7e\xcb\xa7\x9f\x7e\xda\x84\xf7\x38\xe2\
\x8c\x8c\x1a\x02\x12\x74\x83\x21\xf0\x7f\xbe\xfb\xee\xbb\xc4\xb1\
\x63\xc7\xb6\xc2\x43\x3d\x6d\xc9\x92\x25\xe3\x3f\xff\xfc\xf3\x5b\
\xbd\x5e\xef\x65\x71\x71\x71\x17\xd8\xb6\x7d\x2e\x1e\xec\xf3\x5d\
\x2e\xd7\x65\x7b\xf6\xec\xb9\x11\xa3\xf5\xe1\x13\x26\x4c\x98\x35\
\x69\xd2\xa4\x7b\x57\xac\x58\xd1\x30\xf0\xde\xc8\xa2\x08\x88\x80\
\x08\x04\x96\xc0\xab\xaf\xbe\x7a\x02\x84\xbc\xd3\xac\x59\xb3\xa6\
\x7d\xf8\xe1\x87\xdd\xd0\x96\xb5\x44\x9b\x76\x09\xda\xb7\x0b\x90\
\x12\xdb\xb9\xcb\xca\xca\xca\xae\xc7\x28\xbd\xf3\xe3\x8f\x3f\x3e\
\xbd\x5f\xbf\x7e\xa3\xd1\xce\x5d\xa8\x81\x0b\xe8\x38\xf4\x2b\x41\
\x0f\x30\x58\x08\xb5\x0b\x02\xdd\xa4\x67\xcf\x9e\x83\xf0\xc0\x3f\
\xe2\xf1\x78\xae\x49\x48\x48\xa8\x97\x9c\x9c\xec\xc6\x83\x6e\x41\
\xd4\x2d\xb7\xdb\x6d\xc5\xc4\xc4\x58\x3e\x9f\x8f\x5b\x1b\x95\x20\
\x25\x31\x31\xf1\xa2\xaf\xbe\xfa\x6a\xdc\x94\x29\x53\x16\xa0\x97\
\x7b\x27\x1e\xfa\xe3\x60\xcb\x0e\xb0\x7b\x32\x17\x58\x02\xb2\x26\
\x02\x51\x45\x00\x6d\x92\x0b\xd3\xea\x27\x61\x56\xf1\x3e\x8c\xc2\
\x17\x6d\xdb\xb6\x6d\x18\xda\xb1\x33\x93\x92\x92\x12\xd8\xae\xb1\
\x7d\x63\x3b\xc7\x7d\x82\xc1\xd6\x8e\xc5\x0f\xda\xbb\xe3\xb1\xb9\
\xeb\xd9\x67\x9f\x5d\x9c\x93\x93\xd3\x93\xd3\xf1\xb4\xc5\x38\x0a\
\x81\x23\x20\x41\x0f\x1c\x4b\x63\xe9\x9d\x77\xde\x39\x65\xe4\xc8\
\x91\x59\xe5\xe5\xe5\x0f\xe3\xc4\x89\x08\x87\x65\x5c\x52\x52\x62\
\xa5\xa7\xa7\x53\xe8\x29\xec\xf5\xd3\xd2\xd2\xae\x7f\xe3\x8d\x37\
\xc6\xa3\xc2\x0c\x9a\x3f\x7f\x7e\x73\x3c\xf4\x5a\x5f\x07\x44\xfd\
\x8a\x80\x08\xd4\x2d\x01\xb6\x45\x68\x93\xce\xc7\x94\xfa\xd0\x77\
\xdf\x7d\x37\x0f\xc7\xbf\x87\x78\xa7\x22\x1c\x72\xe0\x51\x51\x51\
\x61\x06\x2e\x18\xd0\xd8\x85\x85\x85\x31\x0d\x1b\x36\x3c\x0b\x9d\
\x80\xec\xe1\xc3\x87\xf7\x87\x8d\x66\x75\x9b\xa3\xc8\x4b\xfd\xb0\
\x62\x13\x79\xd9\x75\x36\x47\x5f\x7c\xf1\x45\x23\x4c\x29\x8d\x86\
\x48\x77\xc0\x83\x9c\x86\xe9\xf5\x43\x3e\xe8\x95\x9e\x60\xf4\x6e\
\x15\x15\x15\x59\x18\xa5\x9b\x91\x3b\xf6\x63\xf0\xf0\x37\x2e\x2d\
\x2d\xed\xb4\x6c\xd9\xb2\xa7\xb0\xfe\x34\x74\xd5\xaa\x55\x17\xa0\
\xf2\x24\x54\xde\xa3\x6d\x94\x10\x50\x36\x45\x20\x04\x08\xb0\xed\
\x79\xfd\xf5\xd7\x2f\x6c\xd7\xae\xdd\x88\xa5\x4b\x97\x3e\x89\xb6\
\xe9\x3e\xb4\x51\xc7\x62\xc4\xed\x82\x98\x1f\xd6\x43\xb4\x81\x46\
\xd0\x2b\x23\xe1\x5e\x17\x46\xf3\x0d\x30\x3d\xdf\x09\x4b\x8c\xa3\
\xd7\xae\x5d\xdb\xb8\xf2\x9a\xb6\xb5\x27\x20\x41\xaf\x3d\x43\x63\
\x01\x0f\x7d\xec\xcc\x99\x33\xaf\xdd\xb5\x6b\xd7\x75\x78\xd8\x13\
\x39\xf5\x84\xa9\x28\x73\xed\x70\x7f\x28\xe4\x8c\xcb\x8a\x81\xe9\
\x29\x13\x15\x15\xc5\x8a\x8f\x8f\x8f\xc1\xfd\x67\x7e\xfd\xf5\xd7\
\x3d\x46\x8c\x18\x31\x75\xd8\xb0\xe1\x7a\x40\x94\x00\x00\x10\x00\
\x49\x44\x41\x54\x61\x6d\xf9\x02\x8a\x89\xa0\x3f\x22\x20\x02\x22\
\x10\x04\x02\x3f\xfe\xf8\x63\xf2\xa0\x41\x83\x6e\xc5\xa8\x7c\xea\
\xf6\xed\xdb\x1f\xc6\xd4\xf9\x69\x18\xb0\xb8\xd1\x36\x59\x68\xf3\
\x8e\xe8\x01\x06\x36\x16\x07\x2d\x58\x4b\xb7\x20\xe4\x66\xd0\xc2\
\x73\xf5\xeb\xd7\x4f\xf8\xcf\x7f\xfe\x73\x35\xd6\xd6\xaf\x81\x9d\
\xb8\x23\x1a\x52\x84\x6a\x11\x90\xa0\x57\x0b\xd3\x91\x23\x3d\xf3\
\xcc\x33\xa7\x7d\xf6\xd9\x67\x0f\x40\x94\xd3\xf8\xc0\xf2\x0e\x3e\
\xf4\xdc\x1e\x2e\xf0\x41\xa7\x80\xe3\xa1\x36\x15\x84\x0f\x3f\x2a\
\x8c\x85\x1e\xac\x95\x92\x92\x62\x43\xd8\xd3\x11\xae\x7c\xe5\x95\
\x57\x46\x77\xe9\xd2\x65\x08\x7a\xc8\xe7\x21\xae\x46\xeb\x87\x83\
\xaa\x6b\xd5\x21\xa0\x38\x22\x70\x48\x02\x7c\xa9\x17\x33\x84\x67\
\xb5\x6f\xdf\x7e\x28\xd6\xcc\xf3\x30\xf0\xb8\xdc\xe3\xf1\x98\xe9\
\x75\x8e\xba\x71\x6c\xb1\xdd\x3a\xa4\x81\x7d\x2e\xe0\x3e\xbe\x2b\
\x64\x46\xea\x6c\x13\x19\x30\x52\xb7\x20\xea\x69\xef\xbf\xff\x7e\
\xfb\x17\x5f\x7c\xf1\x8c\x7d\xa2\x6b\xb7\x16\x04\x24\xe8\xb5\x80\
\x57\x79\x2b\x04\x36\x06\xd3\xe2\x6d\xb0\x6e\x7e\x11\xcf\x51\xd0\
\x53\x53\x53\x8d\x40\xf3\xf8\x70\x01\x1d\x00\x13\x8f\x0f\x39\x1f\
\x7c\x8e\xd6\x31\xc2\x37\xbd\x59\x3e\xf4\x14\x7c\x9e\x6f\xd4\xa8\
\x51\x63\xd8\xef\x86\x35\xac\xe9\x1d\x3b\x76\xec\xfa\xf2\xcb\x2f\
\x1f\x8f\x74\x55\x7e\x87\x83\xab\x6b\x22\x20\x02\x47\x45\x00\x6d\
\x8a\xfb\x83\x0f\x3e\x38\x21\x37\x37\x37\x63\x2e\x7e\x70\xdc\x15\
\x6d\x13\xdb\x1a\x33\xba\xa6\x88\x73\x36\x91\xed\x52\x71\x71\xf1\
\x11\x6d\x63\x30\x62\xa1\xdd\x32\xf1\xd8\xb6\xb1\x4d\xe3\xa0\x85\
\x01\xcb\x8b\xb4\x79\x01\x04\xbd\x0d\xd2\xd1\xbb\x42\x86\x52\xed\
\xfe\x48\x10\x6a\xc7\xcf\xdc\xfd\xc9\x27\x9f\xd4\xdf\xf4\xe5\x97\
\x37\xa7\xa7\xa6\xa5\xc5\xb8\xdc\x16\x43\x41\xfe\x1e\xb3\xb5\xfd\
\x96\x75\xb8\xe0\xb6\x5d\x56\x5c\x4c\xac\x89\x63\xf9\xfc\x16\x8f\
\x4b\x8a\x8a\xad\xe2\xc2\x22\x2b\x3e\x36\xce\x84\x58\x77\x8c\x55\
\x5a\x5c\x62\x7b\x2b\x3c\x29\xd8\xbf\xf2\xab\x4d\x9b\x87\x2f\x5c\
\xb0\x60\x06\xa6\xe1\x6f\xdc\xb8\x71\x63\xbc\xa5\x1f\x11\x08\x35\
\x02\xf2\x27\xec\x08\xb0\x2d\xc9\xcb\xcb\xbb\x69\xe0\xc0\x81\x33\
\xd7\xaf\x5f\x3f\xc0\xed\x76\x5f\x01\xa1\x4d\x86\xa0\xf3\x85\x5d\
\x8b\x42\x4e\x71\xe6\x80\x85\xc2\xce\x81\xc7\xe1\xda\x36\xb6\x67\
\x9e\xf2\x0a\x2b\x21\x2e\xde\xe2\x96\xed\x62\x6a\x72\x0a\xdb\x32\
\x13\x92\x13\x93\x38\x70\x49\x41\xba\xb7\xa0\x0d\xfd\x55\xd8\x01\
\x0b\x41\x87\x25\xe8\x01\x28\x94\x2f\xbe\xf8\xa2\x99\xd7\xeb\x3b\
\x19\x3d\x4e\x7e\x44\x83\xbd\x4e\x33\xc5\x54\x1d\xd3\xa8\x2c\x16\
\x2b\x08\xd6\xa6\xcc\x7d\xec\xf9\xb2\xf7\x9a\x96\x96\x66\xb1\x37\
\xcb\x5e\x2d\x03\xa7\xb8\x58\xa1\x10\x6c\x54\xb4\xe4\xed\xdb\x7f\
\xbe\xe1\xad\x7f\xbc\x99\x87\xca\xf7\xd0\x0b\x2f\xbc\xd0\x0c\x15\
\x4f\x3d\xdc\xea\x00\x57\x1c\x11\x10\x81\xfd\x08\xb0\xed\x78\xfe\
\xf9\xe7\xcf\x1c\x30\x60\x40\x37\xb4\x25\x79\x71\x71\x71\xd7\xa2\
\x0d\x4a\x44\x5b\x63\xda\x26\x1c\x9b\x59\x44\xb6\x47\x14\x72\x8e\
\xba\xd9\x26\x51\xdc\xf7\x33\xb4\xcf\x01\x6c\x9a\x23\xb4\x55\x16\
\xdb\x34\xda\xe0\x4c\x23\xf7\xb9\x96\xce\xf6\x8c\xed\x1e\x6c\xda\
\x88\x7b\xc2\x86\x0d\x1b\x4e\x35\x37\xe8\x4f\xad\x08\x48\xd0\x6b\
\x85\xcf\xe2\x83\x1e\xbb\xe9\xcb\x4d\x5c\xd7\x4e\xa5\x28\xf3\x21\
\xa5\xc9\x7d\xf7\x79\x7c\xb8\xc0\x8a\x43\x61\xc7\x83\x6d\x3a\x02\
\x95\x95\x85\x36\x78\xed\xc0\x7b\x79\x0e\xd7\xe2\x50\xb9\xce\xd8\
\xb1\x63\xc7\xe8\x71\xe3\xc6\xcd\xcd\xcc\xcc\x6c\xfd\xcf\x7f\xfe\
\xb3\xfe\x81\x71\x75\x2c\x02\x11\x48\x40\x59\x0a\x10\x81\xf5\xef\
\xbd\xd7\xa0\x5f\x66\xbf\x5b\x26\x4e\x98\xb0\x70\xe7\xcf\x3b\x46\
\xa4\x24\x25\x37\xf3\x79\xbc\xb1\x2e\xcb\x36\xb3\x86\x31\x2e\xb7\
\x85\x63\x8b\x33\x87\xf1\xb1\x71\x66\xbf\xf2\x98\xa3\xf3\x43\xb9\
\xc1\x36\x8a\x81\xed\x1a\xda\x2a\x8b\x5b\x8a\x38\x43\x65\x1b\xc9\
\xeb\x6c\xf3\x70\x2d\x71\xcb\x96\x2d\xa7\x60\x3f\xe6\x50\xf6\x74\
\xbe\x7a\x04\x5c\xd5\x8b\xa6\x58\x87\x21\xe0\x2a\x29\x2b\x49\xc3\
\x43\x19\x8b\x5e\xad\x79\x70\xb1\x6f\xd6\x8d\x12\x13\x13\x0f\x73\
\x5b\x40\x2e\x71\x46\x20\x0d\xe9\x5e\xb1\x76\xed\xda\x49\xfd\xfa\
\xf5\xcb\x9d\x38\x71\xe2\xef\x21\xf2\x69\xa8\x1c\x76\x40\x52\x90\
\x11\x11\x10\x81\x88\x22\xc0\xb6\x01\xd3\xdc\x69\xb3\x66\xcd\xfa\
\xc3\xe0\x71\xe3\xc6\xaf\x59\xf3\xd1\x94\xc4\x84\xc4\x8b\xd3\xd3\
\xd3\x93\x98\x51\x0a\x2e\x07\x15\x14\x5c\x1e\x3b\x19\x30\x28\xe1\
\xcc\xa4\xbb\xb0\xb0\x30\x15\xe9\x48\x8f\x00\xa1\x36\xbf\x02\x58\
\x1b\x7a\x7b\xef\xf5\x94\x7b\x62\x50\x01\x6c\x4e\x29\xb9\xdd\xff\
\x9d\xf9\xa6\xa8\xe3\xdc\xde\x18\xce\x6d\x98\x06\x2a\x85\x3b\x2e\
\x2e\xee\x24\xec\x3f\x80\xa9\xb3\x79\x18\xad\x67\xbf\xfc\xf2\xcb\
\x67\xb0\xe2\x3a\x97\xb2\x2c\x8b\x40\x84\x12\x88\xe0\x6c\xb1\x4d\
\x78\xfd\xf5\xd7\x9b\xe5\xe6\xe6\x66\x2d\x5a\xb4\x68\xde\xee\x5d\
\xbb\xef\xc5\x60\xbc\x31\xda\x2b\x37\x5f\x72\x43\x1b\x62\xa1\x2d\
\xa1\xc8\x9a\xc1\x49\x30\x50\x30\x4d\x4c\xc5\x4b\x8b\x02\x00\x5b\
\x10\x03\x00\x31\x25\x39\xc5\x0b\x21\xf7\xb1\x67\xcb\xe9\x25\x0a\
\x3b\x2b\x05\x8f\x03\x60\xfe\xb0\x26\x38\x85\x55\x52\x52\xc2\x6f\
\x9a\xe3\xac\x40\x2c\xd2\x3d\xed\xab\xaf\xbe\xea\x81\x91\xfa\xb8\
\x61\xc3\x86\xfd\x89\xd3\xf0\xa8\xc4\x2a\xe7\xc3\x52\xd4\x45\x11\
\x88\x6c\x02\x68\x03\x6c\x8e\xca\x31\x8b\x77\xf5\xf0\xe1\xc3\x27\
\x6f\xde\xbc\xb9\x57\x6a\x6a\xea\xa9\x49\x49\x49\x31\x5c\x13\x67\
\xee\x29\xac\x6c\x4f\x20\xee\x16\xdb\x30\xb4\x69\x3c\xed\x68\x60\
\x7a\x68\x27\xbd\x98\x1d\x28\x46\x42\x7e\x04\xfd\xd6\x82\x80\x1a\
\xfa\x5a\xc0\xdb\x7b\xab\xf7\x84\x13\x1b\xef\xc4\x7e\x39\xc5\x1c\
\x15\xa7\xaa\x32\xf0\x18\xe7\x1d\xfd\x65\x25\xe4\xd4\x3e\xd3\xaa\
\x57\xaf\x1e\x7b\xd6\x9c\x6a\x4f\xc6\xf1\xb5\x6f\xbc\xf1\xc6\x8c\
\x41\x83\x06\x8d\x58\xb8\x70\xe1\x25\xf0\x4b\x5f\xde\xe0\x68\x49\
\xc8\xb8\x08\x54\x8b\x40\xd0\x23\xb1\xee\x3f\xf6\xd8\x63\x2d\x32\
\x32\x32\x86\x7d\xf0\xc1\x07\x33\x92\x93\x93\x5b\x61\x99\x8e\x6d\
\x84\xcd\xc1\x00\xc5\x1b\x71\xd8\x76\x98\x40\x07\x29\xea\xc1\x98\
\x72\x67\xa7\x01\x82\x5e\xd1\xb4\x69\xd3\x9f\x91\xae\x17\x41\xbf\
\xb5\x20\x20\x41\xaf\x05\x3c\xde\x8a\x87\xde\x73\x72\xd3\xa6\x6b\
\x3d\x5e\xef\xcf\xd8\x37\xd3\x54\xa8\x2c\xe6\xed\x50\x5e\x77\x3a\
\x30\x4d\xbe\x6d\xca\x0a\xb9\x7b\xf7\x6e\x8b\xc7\xe8\x75\xf3\x8b\
\x69\x62\xd1\xeb\x6d\x56\x54\x54\xd4\x09\x95\x79\xfe\x03\x0f\x3c\
\xd0\xff\x95\x57\x5e\xe1\x7f\x79\x93\xb0\x3b\x5d\x28\xb2\x2f\x02\
\x21\x40\x00\x6d\x42\xec\xdb\x6f\xbf\x7d\x46\x87\x0e\x1d\x32\x67\
\xce\x9c\xf9\x28\x3a\xff\xdd\x20\xe6\xa7\x43\xc4\x63\x28\xe2\x98\
\xe6\xb6\x38\x18\xe0\x08\x7d\xef\x48\xd9\xb4\x5f\x58\xc2\xab\x7a\
\x39\xd7\xe9\x6c\xa0\xed\xf2\x23\xfd\x1f\x4f\x3e\xf9\xe4\x0d\x68\
\xbb\x7c\x4e\xa7\x17\xe9\xf6\x25\xe8\x01\x28\xe1\xe6\xcd\x9b\x7f\
\xd1\xf4\xe4\x53\x3e\xc5\xc3\xe9\x41\x25\x32\x95\x81\x3d\x5c\x54\
\xa0\x00\x58\x3f\xbc\x09\x8c\xc4\x8d\x88\x33\x2d\x76\x24\xe0\x83\
\xe9\x4c\x34\x6c\xd8\xd0\xc2\x9a\x98\x8d\x0a\x1b\x03\x9f\xce\xc6\
\x74\x5b\x66\x5e\x5e\xde\xa4\xb1\x63\xc7\x3e\xb0\x6d\xdb\xb6\x94\
\xc3\x5b\xd5\x55\x11\x10\x81\xb0\x24\xb0\xd7\x69\x7e\x4d\x34\xea\
\x7b\xeb\x9c\x9c\x9c\xbc\x1f\x7e\xf8\xa1\x1f\xda\x81\xb3\xd1\x1e\
\xc4\xe2\xb2\xcd\x76\x02\xe2\x69\x41\xdc\xcd\xff\x91\xa0\xb8\x53\
\xc4\x19\xd8\x8e\x60\xc4\x8c\x68\x96\x45\x91\x37\x3b\x0e\xfe\x41\
\x7b\x55\x7e\xda\x69\xa7\xfd\xfd\xd4\x53\x4f\xfd\xde\xc1\x64\xa2\
\xc6\xb4\x04\x3d\x00\x45\x7d\xdc\x71\xc7\x15\x5d\xdc\xe2\x92\x85\
\x10\xf1\xef\x58\x21\xd8\xf3\xa5\xd0\x32\x04\xc0\xfc\x61\x4d\x30\
\x3d\x06\xa6\xc5\x4a\xca\x4a\xc8\x50\x5a\x5a\x6a\xa6\xcf\xf6\x56\
\x56\x1b\xeb\x65\x29\xb8\xfe\x27\x7e\xce\xb4\x7b\xf7\xee\xe3\x9f\
\x78\xe2\x09\x8e\xd6\x59\xc1\x0f\x6b\x5f\x17\x45\x40\x04\xc2\x87\
\x00\x3a\xef\xb1\xac\xdb\xdd\xba\x75\x1b\xbd\x72\xe5\xca\x39\x68\
\x0b\x6e\x82\x40\xa7\x61\x14\xec\xa2\x90\x43\x40\xcd\x28\x9c\xed\
\x45\x41\x41\x81\x19\xa1\xb3\xfd\x60\x9b\x85\xf6\xc1\xb4\x19\xdc\
\xc2\x0e\x3f\x92\xeb\x78\xc6\x31\xe5\xbe\xe5\xfc\xf3\xcf\x5f\x79\
\xe2\x89\x27\x96\x38\x9e\x58\x14\x24\x20\x41\x0f\x50\x21\xdf\xd0\
\xfa\x86\xf7\x8f\x3d\xf6\x57\x2f\x42\xd4\x2b\x58\x59\x68\x96\x15\
\x83\x95\x85\x5b\x54\x2c\x53\x41\x58\x51\xb8\xcf\xc0\x38\xb5\x0d\
\xfc\x2c\x68\x8c\xcb\x6d\xf9\xbd\x3e\xf3\x19\x51\x97\x65\x9b\xcf\
\x8f\xf2\x3c\x03\xbf\xa1\x89\x5b\xcb\xe7\xe7\x37\xd7\xd9\x49\x09\
\x89\x69\x5b\xbf\xff\xe1\xee\xc5\x8f\x2e\x9c\xd4\xb9\x73\xe7\x3b\
\x57\xaf\x5e\x7d\x5c\x6d\x7d\xd0\xfd\x22\x20\x02\x75\x4f\xe0\xc3\
\x0f\x3f\x6c\xd8\xbd\x4b\x97\xbf\xcc\x9a\x31\x73\x42\x49\x51\xf1\
\x83\xa9\xc9\x29\x0d\xd0\x1e\xb8\xf8\x19\x72\x6f\x85\xc7\xb4\x0f\
\x6c\x2b\xd8\x1e\xf0\xb3\xe4\xfc\x5c\x39\xdb\x27\xb6\x45\x0c\x68\
\xbb\x4c\x1b\x75\x98\x9c\xfc\xcf\x25\xb6\x67\x6c\xdf\x18\xb8\x4f\
\x1b\x8c\xc4\xe3\xca\x2d\xcf\xf3\x98\x81\xd7\x99\x26\xb7\x38\x5f\
\x5e\xaf\x5e\xbd\xe7\xaf\xbb\xee\xba\x4f\x18\x57\xa1\xf6\x04\x5c\
\xb5\x37\x21\x0b\x24\x80\x29\xa3\x9f\xda\xde\xd1\x76\x2c\x1e\xd4\
\x35\xb1\x31\x31\x15\xec\xf1\xb2\x37\x4c\x71\x8f\x8b\x8b\x33\x15\
\x85\x0f\x32\x1f\x6a\x8e\x9a\x79\x9d\x95\x88\xf7\x3a\x19\x98\x3e\
\x7c\x32\x2f\xea\xa1\x02\xf1\xbf\xb8\x59\x58\x63\x4f\x29\x2d\x2b\
\xfb\xd3\x96\xcd\x5f\xcd\xc8\xce\xce\x5e\x3a\x7e\xfc\xf8\x36\x58\
\x7f\xaf\xef\xa4\x1f\xb2\x2d\x02\x22\xe0\x0c\x81\xcd\x9b\x37\xa7\
\x4f\x99\x38\xf1\xda\x61\x43\x73\x1e\xfd\x62\xd3\xa6\xb9\x98\x4a\
\x6f\x85\x51\x79\x9d\x2c\xab\xb1\x7d\xab\xcc\x25\xdb\x1b\xf8\x61\
\xb1\xfd\x71\xbb\xdd\xfc\x14\x8e\xb9\xc4\x6f\xc1\xc4\xb1\x07\xed\
\xe3\xc7\x58\xdf\x9f\x7e\xe6\x99\x67\xf2\x85\x38\x73\x4d\x7f\x6a\
\x47\x40\x82\x5e\x3b\x7e\xfb\xdd\xdd\xa6\x4d\x9b\xff\xdc\x72\x6b\
\x9b\xc9\x98\xee\xfe\x08\x0f\x71\x19\x2a\x16\x9e\x69\xbf\xf9\x0a\
\x57\x46\xa4\xb8\xe2\x84\x99\xd6\xe2\xf4\x17\xe2\xf0\xb4\xa3\x81\
\xe9\xb1\xe3\x50\x99\x36\x3b\x13\x7b\x8f\xf9\xb9\xf9\x14\xec\xff\
\x1e\xd3\xf0\xe3\x3a\x76\xec\xd8\x67\xc5\x8a\x15\xc7\x22\xbe\x9e\
\x09\x47\x4b\x44\xc6\x45\x20\x30\x04\x58\x57\x51\x77\x1b\x0d\xec\
\x3f\xb0\xdb\xe3\x4f\x2c\x9f\x08\x91\xfc\xb3\xcf\xeb\xab\x5f\x54\
\x54\xc4\x77\x67\xac\x7d\xc5\x35\x30\x29\x1e\xdc\x0a\xfc\x30\x03\
\x16\x5e\x65\x9a\x0c\x3c\xc7\x63\x0c\x1e\xcc\x60\x82\xed\x0f\xd7\
\xe8\x71\xde\xbf\x6d\xdb\xb6\x8a\x8a\xf2\x8a\x8f\x6e\xb9\xb9\xcd\
\x74\x8c\xce\x7f\x64\x3c\x13\xf4\xa7\xd6\x04\xd4\x78\xd7\x1a\xe1\
\x2f\x06\xf0\x20\x7b\x7b\xf4\xe8\xb1\xe2\xda\x1b\xae\x7f\xa0\xbc\
\xa2\x7c\x49\x61\x41\xe1\x2e\x9c\x33\x9f\x11\xc7\x83\x6c\x5e\x32\
\xe1\x31\x2a\x9e\xb9\x09\xc2\x6f\xb6\x4e\xfe\x61\xa7\x81\x69\x57\
\xa6\x89\x5e\xb1\xf1\x87\xb3\x06\xac\x6c\x89\x89\x89\x31\xd8\x3f\
\x15\x23\xf4\xde\x53\xa6\x4c\x59\xd4\xab\x57\xaf\x3b\xd6\xad\x5b\
\x47\x61\xb7\x9d\xf4\x4b\xb6\x45\x40\x04\x6a\x46\x00\xf5\xd9\x66\
\x1d\xc5\xec\xda\xff\x4d\x1c\x3f\x7e\xfe\xcf\x3f\x6f\xef\x97\x9a\
\x9a\x7a\x36\x66\xfd\xe2\xe2\xe3\xe3\xcd\xcb\x6e\xac\xe7\x15\x15\
\x15\x35\x4b\xe0\x28\xee\x62\x7b\xc6\xe8\xf0\xc9\x74\x20\x2a\x8f\
\x79\x8e\x01\x9d\x0b\x2b\x3d\x3d\xdd\x42\xfb\x62\x5e\x16\x46\x3b\
\x94\x1f\x1b\x17\xfb\x64\xdb\x5b\x6f\x69\xdf\xa3\x77\x8f\x27\x11\
\xdf\xc3\x78\x0a\x81\x21\xe0\x0a\x8c\x19\x59\xa9\x24\xc0\x07\x34\
\x23\x23\xe3\xcb\x9c\x61\xc3\x46\xa4\xa6\xa5\x4c\x29\x2f\x2b\xff\
\x12\xbd\x53\xd4\xaf\x72\x3f\x2a\x9c\x11\xf5\xe2\xe2\x62\xab\xa4\
\xa4\xc4\x6a\xd4\xa8\x51\xe5\x6d\x8e\x6d\x51\x81\x8c\x80\xb3\x72\
\xc3\x37\x8b\xbd\x64\x8c\xca\x4d\xaf\x99\x1d\x0a\xfa\xc1\x63\xf8\
\x96\x0c\x71\xbf\xfa\xd3\x4f\x3f\x1d\x93\x99\x99\x39\x7c\xce\x9c\
\x39\x17\xf1\x4d\x59\x54\x54\x09\xbb\x63\xa5\x23\xc3\x22\x70\x74\
\x04\x58\x27\xa7\x4d\x9b\xf6\xeb\x01\x03\x06\x0c\x5d\xbd\x7a\x75\
\x9e\xcb\xe5\xbe\x1e\x1d\xf2\x34\x04\x33\x4a\x46\x43\x63\xea\x36\
\xad\xba\x5c\xc1\x6f\xde\xd1\x5e\x18\x3f\x98\x3e\xdb\x1b\xb4\x7d\
\x9c\xa1\xf4\xa3\x6d\x29\xcb\xcf\xcf\xff\xb2\x5e\x5a\xfa\xec\x5e\
\xbd\x7b\xe7\x74\xea\xde\x9d\x1f\x53\x0b\xa6\x98\xd3\xa5\x88\x0f\
\xc1\x2f\xf1\x88\x47\xfa\xdf\x0c\xb6\x6a\xd5\xea\xdb\x59\x73\xe6\
\x8c\xbf\xfa\x4f\xad\x3a\xc6\xc4\xc6\x3c\x89\x07\x7d\x27\xa7\xe0\
\x21\x9c\x46\x54\xb9\x8e\xb4\x7d\xfb\xf6\xff\x46\x76\xf0\x2f\x2b\
\x35\x2b\x16\x47\xea\x4c\x86\xc7\xf0\xc5\x54\x7a\x9e\xe7\xba\x3e\
\x45\x9e\xa3\x75\xf4\xa6\x63\xe0\xd7\x49\x38\x6e\xff\xf8\xe3\x8f\
\x3f\x3a\x78\xf0\xe0\x7e\x6f\xbd\xf5\x96\xde\x86\x27\x38\x05\x11\
\xa8\x43\x02\xa8\xb3\x31\xaf\xbd\xf6\xda\xd9\x03\x07\x0e\xec\xb7\
\x7c\xf9\xf2\x45\x68\x47\x1e\x82\x88\x9f\x0c\xc1\xe4\xc7\x52\x4d\
\xa7\x9d\xee\xb1\x7e\xb3\x13\xcf\xc0\xe3\x60\x05\xb6\x25\x95\x69\
\xc1\x57\x23\xea\x3c\x07\x3f\xfc\x18\x34\xec\x28\x29\x29\x7d\xfc\
\xc6\xeb\xaf\x7b\x60\xd2\xb4\x29\x23\x5a\xb7\x6e\xbd\xa9\x32\xae\
\xb6\x81\x25\x20\x41\x0f\x2c\xcf\xfd\xac\x35\x6e\xdc\xb8\xb8\xff\
\xe0\xfe\x6f\xf7\xee\xd3\x27\xf3\x9c\x73\x9b\x0f\xd9\xb5\x6b\xe7\
\x27\x5e\x9f\xaf\x18\x95\x8e\x0f\xb9\x85\x69\xb2\xfd\xe2\x3b\x71\
\x40\xc1\x46\xa5\x37\xeb\xf6\x14\xf5\xca\xc0\xca\x86\x5e\xb3\xf9\
\xd8\x0a\x7b\xf5\x1c\xc1\x43\xcc\xcd\xcc\x01\x84\x3d\x16\xd7\xce\
\xd9\xbc\x79\x73\x06\x1a\x90\x69\x43\x87\x0e\x6d\x8b\x29\xbe\x64\
\x54\x54\x8d\xd6\x9d\x28\x24\xd9\x14\x81\x43\x10\x60\x9d\xdb\xb2\
\x65\x4b\x02\x3a\xd7\x37\x8f\x1a\x35\x6a\xca\xb7\xdf\x7e\xdb\x1b\
\xed\xc6\x79\xa8\xc7\x71\xac\xc3\x0c\xac\xbb\x88\x67\xbe\x83\x9d\
\x66\x20\xf6\xa6\xc3\x0e\x31\xe5\x61\x50\x03\xfc\x32\x2f\xc1\x21\
\x51\x3f\xda\xb9\x92\x82\x82\x82\x7f\x9e\xdd\xfc\x9c\xc1\x53\x73\
\x47\xf7\xeb\x37\x70\xe0\x07\x6c\x13\x71\x2d\xf2\x7e\x43\x24\x47\
\x12\x74\x87\x0b\x02\x15\xce\x77\xf5\xd5\x57\xff\x34\x63\xc6\x8c\
\x79\x5d\x3a\x75\xeb\xd2\xa0\x7e\xbd\x99\x05\x85\x85\xdf\x40\x64\
\xbd\xac\x78\x0e\x27\x6f\x2a\x36\x7c\x30\xc9\xb0\xd2\xb3\x92\x33\
\xb0\xe2\x55\x0a\x79\xe5\x79\x8f\xc7\x63\xd6\xb9\x30\x93\xc0\x4a\
\xe9\xc2\x48\x3d\x19\xeb\x5f\x57\xac\x5a\xb5\x2a\x2f\x27\x27\x27\
\x63\xe1\xc2\x85\xe7\x6f\xdc\xb8\x31\xde\x18\xd3\x1f\x11\x10\x01\
\x47\x09\xa0\x5e\xc6\xcf\x9b\x37\xef\xc2\xfe\xfd\xfb\x67\xa2\x0e\
\x4e\xc4\xfa\xf8\x1f\x51\x97\x53\xd1\x6e\xb0\x6e\x9a\xba\xcd\x0e\
\x3b\x46\xea\xac\xaf\xfc\x22\x29\x53\x7f\xd1\x19\x37\x7e\xb1\x3e\
\x9b\x9d\x20\xfc\x81\x5f\x66\x0d\x9d\x49\xc1\x6f\xaf\x65\xd9\x5f\
\xb9\x5c\xf6\xe4\xf6\xf7\x3f\xd8\x75\xf6\xec\xd9\x0b\xce\xbf\xfc\
\xf2\x6d\x88\xe3\xb3\xf4\xe3\x28\x01\x09\xba\xa3\x78\x7f\x31\x8e\
\x87\xb9\xfc\xae\x76\x77\x7d\x34\x70\xf0\xe0\xa1\x2d\xff\xd8\xb2\
\x7b\x85\xd7\xf3\x86\xc7\xe7\x2d\x42\x2f\xd6\xc7\x4a\x89\xeb\xa6\
\x52\xa2\x32\x54\x8d\xa6\x79\x8e\xe2\xfb\x8b\x15\xab\x2a\x0e\xaf\
\x31\xee\xbe\xd7\x0e\xb6\x8f\x8e\x83\xa9\xf8\xbc\x46\x5b\x4c\x8b\
\xf7\xf1\x3c\xb7\x2e\xcb\xb6\x18\x2c\x9f\x1f\xc6\xfd\xe6\xf3\xec\
\xfc\xcc\x2a\x3f\xab\xca\xf3\xa5\xc5\x25\xee\xf4\xd4\xb4\xe3\x0b\
\xf2\xf7\xf4\x5d\xf8\xe8\xa3\x8f\x62\xfd\xae\x3b\xbf\x4e\x12\xf7\
\xba\x2c\xfd\x88\x80\x08\x04\x9c\x00\xeb\xd6\x9b\x6f\xbe\xd9\xac\
\x67\xf7\x9e\xdd\x1f\x5f\xba\x6c\xc1\xcf\xdb\xb6\xf7\x4b\x49\x4a\
\x3e\xc1\x65\xd9\x6e\x7e\x8e\x3c\x2e\x26\xd6\xd4\x55\xee\xa3\xfd\
\x30\xd3\xed\xdc\x52\xd8\x59\xbf\x29\xe4\x3c\x66\xa8\xad\x73\xb4\
\xc1\xce\x3f\x7c\x32\xa6\x2a\xb7\x6c\x4b\x6c\xdb\xb6\xca\x3d\x15\
\x56\x4c\x5c\xac\xe5\xc7\xdc\x9d\xd7\x6f\x62\x16\xf9\x2c\xff\xdf\
\x5b\x5c\xd2\xa2\x3b\x96\x1c\x47\x3c\xd0\xe1\x81\xf7\x6d\xdb\x2e\
\x37\x37\xeb\x4f\x4d\x09\x54\xfb\x3e\x57\xb5\x63\x2a\x62\xad\x09\
\xe0\xc1\xf6\xb7\x68\xd1\xa2\x78\xc4\x88\x11\x2f\x67\x65\x65\xf5\
\x6c\xda\xb4\xe9\xac\x8a\xf2\xf2\xaf\x50\x49\x3c\xac\x88\x4c\x00\
\xa3\x62\x6e\x8c\x08\x53\x74\xb1\xfe\x64\xbe\xca\x15\x71\xcc\xda\
\x3b\x2b\x2d\x23\xb0\xd2\xc2\x1e\x77\x1d\x0d\x18\x15\x30\x7d\x1b\
\xdb\x94\xa4\xc4\xa4\xf3\xd7\xac\xfe\x68\x50\xce\xe0\xa1\x93\xc7\
\x8d\x1b\x77\xa5\x46\xeb\x8e\xa2\x97\xf1\x28\x24\xb0\x66\xcd\x9a\
\xd8\xdc\xdc\xdc\xab\xc6\x8c\x1c\x35\xe1\xa3\x8f\x56\x0f\xb2\x5d\
\xf6\x79\x10\x55\x7e\xcb\xa3\xcd\x36\xa0\x32\x10\x0d\xf7\xb9\x75\
\x32\x70\x16\x2f\x25\x25\xc5\x62\x5b\xc4\x36\x87\xed\x0f\xdb\x1d\
\xbe\xd8\xcb\x74\x79\x0d\x4b\x74\x6c\x23\xd0\x94\x95\x6f\x6c\xd2\
\xa4\xc9\xcc\xec\xec\xec\x5e\x58\x1e\x78\x95\xdf\xfe\x86\xb8\x18\
\x29\x30\xa6\x42\x30\x08\x48\xd0\x83\x41\xf9\x80\x34\xf0\x90\x7b\
\x5a\xb5\x6a\xf5\x79\x5e\x5e\xde\xf0\xb6\xff\x77\xeb\x7d\x69\xe9\
\xe9\x8f\x41\xd0\x7f\x84\x98\xfb\xb0\xe6\x64\xc4\x9c\xeb\xd9\x7b\
\xf6\xec\x31\x1f\x41\xe1\x0b\x6b\x34\xc1\x4a\x84\x78\xe6\xcb\x61\
\x10\xd7\x62\x7f\x98\xe7\x9d\x0c\x6c\x34\x58\x91\xd9\xb1\x40\x7a\
\x36\xfc\x4a\x43\x23\xd3\xea\x8d\xbf\xbf\x3e\xbb\x5f\xdf\xbe\x03\
\x9f\x7f\xfe\xf9\xdf\x20\x4e\x82\x93\x3e\xc8\xb6\x08\x44\x3a\x01\
\xd4\xa1\xc4\x15\x2b\x56\x9c\x3f\x72\xf8\xf0\x81\xaf\xbd\xfc\xea\
\x9c\xd8\xb8\xb8\xeb\xea\xd5\xab\x97\x8e\x91\x30\x9a\x0b\x0c\x7f\
\xf7\x02\x40\x3c\xb3\x57\xb9\x35\x07\x0e\xfe\x41\x67\xc2\x7c\xdf\
\x3b\xdb\x1d\x8a\x3a\xa6\xfb\x29\xde\xa6\x0d\xa2\xb8\xa3\x5d\xf0\
\xa2\x2d\xda\x8a\x65\xba\x47\xef\xb9\xe7\x9e\xbb\x27\x4c\x98\x30\
\xe2\x9a\x6b\xae\xf9\x02\x4e\x63\xda\xdd\x41\xc7\x64\xfa\xa0\x04\
\x6a\x24\xe8\x07\xb5\xa4\x93\x47\x4d\xe0\x98\x63\x8e\x29\xe8\xd8\
\xad\xdb\x7b\x7d\xb3\xfa\x0e\xbc\xf8\xe2\x4b\x46\xa3\x72\xfc\x0b\
\x95\xa3\x14\xc1\xac\x87\xa1\x92\x58\x95\x02\x8f\x8a\x6d\xa6\xe2\
\x59\xb1\x58\xa9\x20\xae\xa6\xd7\x7c\xd4\x89\x1e\xe5\x0d\x4c\x8f\
\x5f\x82\xc3\x4e\x05\x2a\x29\xa7\xf7\xb0\xb1\x63\x70\xfe\xac\x3d\
\x7b\x0a\xfa\xa0\x02\x4f\xef\xd3\xa7\xcf\xed\xef\xbc\xf3\x4e\xea\
\x51\x9a\x56\x74\x11\x10\x01\x10\xc0\xa8\x3c\x1d\xd3\xeb\x77\xcc\
\x98\x36\x7d\x66\x61\x61\x51\x26\x56\xc1\xce\xc0\xc8\xd8\xfc\x47\
\x34\x54\x36\x8b\x01\xd1\xcc\x9b\xe3\xdc\x06\x33\xb0\x2d\x62\xe7\
\x81\x3e\x54\xb6\x41\x98\xad\x33\x3e\xed\xd8\xf1\x73\x11\x7c\x59\
\x7b\xf6\xd9\x67\xb7\x3f\xe4\x89\x00\x00\x10\x00\x49\x44\x41\x54\
\x8f\xc0\xac\xc2\xd0\x0e\x1d\x3a\x7c\xcc\x36\x0d\x71\x35\x2a\x07\
\x98\xba\xf8\x95\xa0\xd7\x05\xf5\x03\xd2\xbc\xec\xb2\xcb\x7e\xc8\
\xcd\xcb\x9d\xd9\x27\x33\xe3\x8e\x63\x8f\x3d\x66\xcc\xae\x5d\xbb\
\xbf\x44\xcf\xb8\x9c\xc2\x4d\x51\x67\x85\x82\x80\x1a\x01\x67\x2f\
\x99\x62\xce\x63\x54\x9c\x03\x2c\x05\xfe\x90\x69\xf0\x2d\x5a\xfa\
\x42\x3f\xd8\x2b\x67\x85\xa6\x1f\xb8\x96\x8c\xe3\x4b\xd7\xad\x5b\
\x37\x0e\x15\x7a\x01\xc4\xfd\xc6\xad\x5b\xb7\x36\x42\xbc\x5f\x86\
\x14\x81\x77\x49\x16\x45\x20\x22\x08\x7c\xf7\xdd\x77\x0d\x26\xe4\
\xe5\xdd\x98\x33\x24\x67\x3e\x44\x3d\x0f\x99\xba\x14\xf5\x29\x99\
\x1d\x68\x08\x7a\xd5\x5b\xeb\xa8\x4f\xff\x23\xe6\xa8\x7b\x46\x54\
\x71\x8f\xa3\xbf\x95\x7e\x70\x96\x8e\x53\xeb\x6c\x77\x30\xf0\x28\
\x45\x9b\xf0\xef\x26\x4d\x4e\xcc\xe1\x17\x51\x4d\x99\x32\x65\x6e\
\xf3\xe6\xcd\xf5\x8d\x6f\x8e\x96\x44\xf5\x8c\x87\xa0\xa0\x57\xcf\
\xf1\x48\x8b\x85\x0a\xea\xbd\xe9\xa6\x9b\x36\x4c\x9d\x3e\x7d\xd2\
\xad\x6d\x6e\xcd\xf0\xfa\xbc\xaf\xf9\xfd\xbe\x62\x54\x20\xf3\xaa\
\x09\xf3\x8b\x7d\x33\x1d\x8f\x4a\x6f\xa6\xbc\x58\xd9\x78\xde\xe9\
\x40\xf1\x46\x07\xc3\x4c\xb5\x71\xda\xbf\x32\x5d\xf6\xd8\xe1\x0b\
\xc5\xfb\x18\x54\xf2\xd6\x2f\xbc\xf0\xc2\xa4\xcc\xcc\xcc\x9c\x97\
\x5f\x7e\xf9\x0c\xbf\xdf\xef\x76\xda\x2f\xd9\x17\x81\x70\x24\xc0\
\xba\x81\x3a\x72\xfe\xe0\xc1\x83\x87\x3c\xf7\xdc\xca\x89\x5e\xaf\
\xe7\x2f\xa9\xa9\x29\x8d\x50\xcf\x6c\x7e\xd9\x13\xeb\x57\x7a\x7a\
\xba\x99\xea\x3e\x30\x7f\x68\x27\x8c\x90\x73\x7b\xe0\x35\x27\x8e\
\xe1\x93\xa9\xf7\x1c\xa9\x63\xb9\x8d\x6d\x51\x61\x5c\x5c\xfc\xab\
\xd7\xdd\x70\x7d\xaf\xa9\xd3\xa7\xce\xba\xf1\xc6\x1b\xbf\x82\x2f\
\x9a\x5e\x77\x02\x7e\x0d\x6c\x4a\xd0\x6b\x00\xcd\xc9\x5b\x38\x65\
\x95\x91\x95\xf1\xd7\xbc\x61\xe3\x3a\x5e\xf8\x9b\xdf\x64\xa3\x6b\
\xfe\xaa\xc7\x53\xb1\x07\xe2\xe9\x8f\x8b\x8b\x33\xeb\xe6\xec\x2d\
\xa3\x12\x39\xe9\xc6\x7e\xb6\xd9\xc0\x30\xbd\xd4\xd4\x54\xfe\x63\
\x17\xf3\x4f\x16\xd8\xf0\xc0\x27\xe3\x0f\x2b\x3b\x04\x3f\x16\xd3\
\xf2\xa7\x6f\xdf\xbe\xbd\xc3\x98\x31\x63\x16\x65\x65\x65\xdd\xc7\
\xff\xfe\x84\xc6\x4b\xcf\xd8\x7e\x34\x75\x10\xad\x04\x50\x17\xdc\
\x1b\x37\x6e\x3c\x86\x75\x63\xe4\xc8\x91\x0b\xbf\xfd\xf6\xdb\x6e\
\x29\xa9\x29\xcd\x30\xda\x8d\x25\x13\x5c\x37\x1d\x75\xd6\xa7\xfc\
\xfc\x7c\x53\xd7\x78\xfe\xc0\xc0\xba\xc8\x73\x8c\xcf\xad\x93\x81\
\x75\x1f\xf6\xfd\xa8\xef\xbb\xb1\xc4\xf6\xe2\xb9\xbf\x3e\xaf\xcf\
\x88\x51\x23\x3a\xa1\xe3\xfe\x1a\xff\x6d\x34\xae\xe9\x37\x84\x08\
\x44\x5d\x63\x1b\x42\xec\x0f\xeb\xca\x85\x57\x5c\xb8\x75\xfc\xa4\
\x49\x8f\xdc\x75\xef\x3d\x3d\x8e\x6f\xdc\x64\xde\xee\xdd\xbb\x7f\
\x42\xe5\xf2\x55\x8a\x3a\x1a\x01\x0b\x22\x7a\x58\x1b\x81\xb8\xc8\
\x34\xd8\x4b\xf7\x7a\xbd\x66\xc4\xc0\xce\x04\x84\xdb\x34\x3c\x9c\
\x86\xaf\xf4\x83\x8d\x0c\xfc\xa3\x4f\x70\x31\xae\xc5\x27\x9f\x7c\
\x32\x1c\x8d\xd6\xe8\x39\x73\xe6\x5c\xc1\x2f\xc6\x08\x84\x2f\xb2\
\x21\x02\xe1\x4a\x00\x4b\x51\x49\xa8\x0b\x7f\xc0\x14\x75\xde\x7b\
\xef\xbd\x37\x12\x9d\xe3\xf3\x50\xaf\xcc\xb7\xbc\xb1\x63\x5c\x59\
\xcf\x58\x9f\x58\xc7\xb8\xd4\xc6\xed\x81\xf9\x65\x3d\xe3\x39\x8a\
\x39\x03\xf7\x1d\x0c\x7e\x2c\xaf\x79\x4a\x4a\x4b\x7e\x68\xd4\xa8\
\xe1\xec\x2e\xdd\xba\xf4\x9a\x3c\x79\xf2\xa2\x4b\x2e\xb9\x44\xd3\
\xeb\x0e\x42\xaf\x8d\x69\x09\x7a\x6d\xe8\x39\x7c\x2f\x2a\x6f\xd9\
\x7d\xf7\xdd\xf7\xe5\xf8\x09\xe3\x07\xdf\xdc\xe6\x96\xee\x7e\xdb\
\x7a\xba\xb0\xb8\x68\x7b\x4c\x5c\xac\xd7\x72\xd9\x96\x2b\xc6\x6d\
\xa6\xe0\xd9\x20\xb0\x72\xb3\x01\xe0\x3e\x1b\x07\x0a\x30\xee\xb7\
\x6a\xfb\xc3\xf5\x7a\xda\xa6\x4d\xda\xa6\x3d\xda\xe6\x39\x1e\xf3\
\xb3\xb0\x3e\x8f\xd7\xe2\xe7\xd6\xdd\x36\x1e\x27\x9f\xdf\xc2\xd6\
\x8d\xd0\xa4\xbc\xb4\xac\xfd\xf2\xc7\x9f\x58\x3a\x7a\xe4\xc8\xac\
\x97\x5e\x7a\xe9\x4c\xdc\x13\xc7\xfb\x15\x44\x20\x5a\x08\xf0\x99\
\x5f\xb9\x72\x65\xf3\x21\x43\x86\x0c\x5e\xbe\x7c\xf9\x52\x2c\x4d\
\xdd\x0b\x31\x3f\x1e\xf5\xca\x8d\x80\x09\xb8\xff\xbe\x3f\xc6\x7d\
\xd6\x2b\xd6\x29\xd6\x35\x0a\xfb\xc1\xea\x2f\xec\x55\xdd\x73\xb0\
\xeb\x07\x72\x65\x9c\xca\x50\x79\xad\xf2\x98\x5b\xb4\x29\x95\x9f\
\x21\x37\x5b\xb6\x2b\x7b\x83\xb7\xdc\x53\xb1\xbd\xb4\xbc\x6c\xf9\
\x2d\x6d\xda\x74\x98\x38\x79\xf2\xf0\x3b\xee\xb8\x63\x33\xee\xd1\
\x67\xca\x2b\x41\x86\xe0\x16\x2d\x70\x08\x7a\x15\xb6\x2e\x39\xe3\
\x38\xbf\x2e\x11\xd3\x74\xcf\x0d\x1b\x36\xac\xcf\x79\xe7\x9d\x37\
\xb8\xa8\xa8\x68\x2d\x2a\x7c\x39\x1a\x00\x7f\x6c\x6c\xac\x59\xe3\
\x42\x45\x33\x2f\xd1\xe0\xbc\x11\x79\xf4\xfe\xab\x2a\xbe\x33\x5e\
\x55\xcb\x6a\x4c\x42\x42\xc2\x09\x5b\xb6\x7c\xdd\x7b\xe2\xf8\x89\
\xd3\x06\x0d\x18\x74\xfb\xa6\x4d\x9b\xf4\x9f\xdc\xaa\x85\x4e\x91\
\xc2\x99\x00\x84\xd7\xc6\x94\x7a\xe3\xfe\xfd\xfb\xb7\x5b\xbc\x78\
\xf1\x8c\xcf\x3f\xff\xbc\x2b\xce\x1d\x87\xe9\x2b\x37\x3b\xde\x0c\
\x18\xfd\x3a\x9e\x45\xa4\x69\x96\xc5\xd8\x61\x60\x1b\xc1\x70\xe0\
\x39\xb6\x21\xf0\x8b\x9f\x60\xa1\x3f\x7e\xcc\xb4\x95\x22\xbc\xdf\
\xac\x59\xb3\x81\x23\x46\x8c\xc8\xea\xdd\xbb\xb7\xf9\x4c\x39\x2f\
\x2a\x84\x36\x01\x09\x7a\x68\x97\x4f\x95\x77\xa8\x88\x1e\xbe\x0d\
\x3f\x63\xc6\x8c\xf9\xed\xda\xb5\xeb\x82\x5e\xfe\x32\x4c\x79\x6f\
\x41\xa8\xd8\xb7\x57\xcf\x1b\x28\xe6\xec\xe5\xe3\x1e\x1e\xd6\x69\
\x40\x07\xc3\x86\x2f\xf5\xe2\xe2\x62\xaf\x7e\xff\xfd\xf7\x26\xf4\
\xcd\xe8\x3b\x6a\xc9\x92\x25\xcd\xd1\xa8\xc4\xd4\xa9\x63\x4a\x5c\
\x04\x1c\x22\x80\x67\x3b\x6e\xd1\xa2\x45\x17\x76\xeb\xd6\x6d\xd4\
\xfb\xef\xbf\x9f\xb7\x6d\xdb\xb6\xab\x20\x98\x69\xe8\xdc\x5a\xa8\
\x0b\xe6\xe3\xa7\xac\x9b\x10\x4d\x87\x3c\xf8\xc5\x2c\xd3\x63\x60\
\x7a\x14\x75\x06\xf8\x67\xfc\xa0\x90\x63\x50\x60\x3e\x22\x8b\x76\
\x84\x6b\xf6\x15\x85\x85\x85\x5f\xc1\xcf\xc5\x0f\x3c\xf0\x40\x17\
\x2c\x11\x3c\x7a\xc5\x15\x57\x6c\xc5\xbd\xbe\x5f\x2c\x6a\x2f\x94\
\x09\x48\xd0\x43\xb9\x74\x0e\xf0\x8d\x87\xa8\x5c\x9e\x87\x1e\x7a\
\xe8\x93\xd1\xa3\x47\xf7\x47\x65\xeb\x6a\xdb\xae\x57\xd0\xdb\xdf\
\x89\x8a\xea\xab\x14\x72\x88\xa8\x79\x71\x8d\x15\x97\xf7\xd4\x65\
\xa0\x4f\x68\x20\x38\x6b\x60\xa3\x51\x6b\x54\x5a\x5a\x72\xd7\xfc\
\x47\xe6\x4d\xed\xde\xb5\xeb\xbd\xef\xbd\xfe\x5e\x13\xf8\x28\x61\
\xaf\xcb\x02\x52\xda\x01\x23\x80\x67\x39\xf6\xf5\xd7\x5f\x3f\xad\
\x73\xe7\xce\x0f\x3f\xf1\xc4\x13\xd3\x30\x93\x76\x3b\x46\xe1\xf5\
\xd1\xf9\xb6\xb9\x26\x8e\xeb\x55\xb3\x69\xac\x17\x01\x4b\xf8\x30\
\x86\xd8\x16\xf0\x32\xd3\x63\xc7\x1f\xed\x07\x0f\x59\x1f\xcd\x3f\
\x62\x82\x7f\xfc\x07\x4d\x3e\xf8\xf6\xd3\xae\x5d\xbb\x9e\x6b\xd9\
\xb2\x65\x67\x0c\x1a\x86\xdc\x7b\xef\xbd\xff\x46\x5c\xaf\x89\xac\
\x3f\x61\x43\x40\x82\x1e\x36\x45\xf5\x8b\xa3\xa8\x68\x3e\x7e\xee\
\x13\xa2\xfe\xca\x80\x41\x03\x7a\x9e\x7c\xf2\x49\x23\xf3\xf3\xf3\
\x37\xa0\xb7\x5d\xc6\x58\xac\xbc\x14\x51\x1c\xf3\xb0\xce\x03\xd6\
\x0d\xcd\x74\x1e\xfc\xb1\x11\x92\xe2\x13\xe2\xff\xf0\xe5\xc6\x4d\
\xe3\x73\x72\x73\xa6\xe5\xe6\xe6\xde\xb4\x61\xc3\x06\x7d\x29\x4d\
\x9d\x97\x92\x1c\xa8\x0d\x01\x7e\xa6\x3c\x2f\x2f\xef\xae\xb1\x63\
\xc7\xce\xdf\xbc\x79\x73\x0e\x84\xf4\x52\xd4\xc3\x44\x8e\x8e\x4b\
\x4b\x4b\xcd\x28\x18\x9d\x6e\x0b\x75\xd7\x88\x29\xea\x81\xf9\x5e\
\x89\xda\xa4\x59\x9d\x7b\x29\xe2\x8c\x87\x4e\xbf\xe9\x4c\x40\xb8\
\x2d\x74\xac\x2d\xb6\x0f\x1c\xa1\x17\x14\x14\x94\x60\x74\xfe\x49\
\x93\x26\x4d\x06\x62\x9d\xbf\xd7\xc8\x91\x23\xff\x7e\xea\xa9\xa7\
\xfe\x04\x3f\x35\x2a\x27\xb8\x30\x0b\x12\xf4\x30\x2b\xb0\x03\xdd\
\xbd\xfa\xea\xab\xbf\x1a\x34\x64\xc8\xac\x07\xee\x6b\xf7\x70\xac\
\x3b\x66\x29\x1a\x8f\x6f\xd1\x88\x98\x2f\xa5\x61\xe5\x3d\x30\xfe\
\xa1\x8f\x9d\xb9\xc2\x86\x8b\x0d\x07\x47\x02\xf0\xcb\x08\x3b\xfc\
\xe2\x67\xd7\xeb\xfb\xbc\xde\x9b\x5e\x7d\xf5\xd5\x71\x83\x06\x0d\
\xca\xc2\x88\x86\x9f\x5d\xd7\x4b\x73\xce\x14\x83\xac\x3a\x44\x00\
\xcf\x72\xfc\x93\x4f\x3e\x79\x4e\xf7\xee\xdd\x07\xbf\xfc\xf2\xcb\
\xa3\xf0\xbc\x5f\x81\x3a\x98\xca\x67\x1d\xd7\xcc\xfa\x35\x84\xdd\
\xfc\x1f\x06\x88\xa4\x79\xaf\x85\x5b\xba\x43\x91\xe5\xd6\xc9\x40\
\x3f\x68\x9f\xbe\x30\x5d\x76\x2a\xe0\x9f\x1f\x9d\xec\xd2\x8a\xf2\
\x8a\x7f\xa7\xa5\xa5\x4d\xf9\xcb\x5f\xfe\xd2\x09\x62\xbe\xf4\x9a\
\x6b\xae\xd9\xca\xb8\x0a\xe1\x4b\x40\x82\x1e\xbe\x65\x57\xe5\x79\
\xd3\xa6\x4d\x4b\x3b\x76\xed\xfa\xe6\xa4\xd1\x23\xb3\x2f\xfe\xed\
\x25\xbd\x0a\x8b\x8a\x5e\x43\xc3\x52\x00\x11\xfd\xef\x2b\xb4\x55\
\x31\x83\xbf\xc3\x46\x04\xbe\x98\x51\x09\x1b\x17\x8e\x0c\x78\x0e\
\x0d\x0c\xff\xe1\x4b\x0c\xce\x9d\xba\x63\xc7\x8e\x5e\x73\xe7\xce\
\x9d\xde\xab\x57\xaf\x8e\x6f\xbd\xf5\xd6\x31\xb8\xa6\xe7\x32\xf8\
\x45\xa5\x14\x8f\x82\x00\x9f\xd1\x75\xeb\xd6\x1d\xdb\xb5\x73\xd7\
\x6e\x0b\x17\x2c\x9c\xbd\x7b\xe7\xae\x4e\xfc\x64\x47\x42\x5c\xbc\
\xbb\x7e\x7a\x3d\xf3\xdf\xd0\x70\x6c\xf1\x3f\x17\x72\xcb\xc0\x7d\
\x7e\x22\x24\xc6\xe5\xb6\xd0\xf9\x36\x71\x8e\x22\xc9\x1a\x45\xc5\
\x4c\x81\xe9\x44\xb3\x53\xcd\x7f\xab\x8a\xba\xe7\xab\xf0\x78\x76\
\xd5\xab\x5f\xef\x89\xe6\xbf\x3e\xb7\x33\x66\x14\x46\xf5\xec\xd9\
\xf3\xe3\x66\xcd\x9a\x99\xd9\xbd\x1a\x25\xa2\x9b\x42\x86\x80\x1a\
\xce\x90\x29\x8a\xda\x39\xc2\x8a\x7a\x66\x8b\x16\x3f\x8f\x1b\x37\
\xee\xf9\x87\xbb\x3f\x9c\xd1\xa4\xf1\xf1\x79\x58\xc3\xfb\x17\x14\
\xbd\x04\x96\xb1\xc1\xdf\x3a\xf8\x65\x43\xc2\x91\x08\x93\x86\x8f\
\x16\xa6\xf7\xb8\x6b\xa6\xfd\xca\xcb\xcb\x39\x72\xb1\xdd\x6e\x77\
\x0a\xc2\x1f\xd7\xae\x5d\xcb\xef\x84\x9e\x3d\x63\xc6\x8c\x9b\xf8\
\xb9\x5d\x34\x9a\xb6\x89\xac\x3f\x22\x10\x22\x04\xf8\x4c\xfe\xf8\
\xe3\x8f\xc9\x7c\x46\xfb\xf6\xed\x3b\x63\xc3\x86\xcf\x87\x94\x95\
\x95\x5e\x8e\x69\xec\x44\x04\xf3\xee\x0a\xbf\x4d\x11\xcf\xb3\x19\
\x8d\xf3\x1c\x45\x95\xcf\x3a\x47\xea\x3c\xae\xec\xe0\x32\x8e\xd3\
\xd9\x42\xa7\xde\x24\x01\x1f\xfc\xa5\xa5\x25\x05\x1e\x4f\xc5\x07\
\x4d\x8e\x3f\x6e\xd0\xed\xad\xef\x18\x34\x75\xea\xd4\x77\xb0\x74\
\x57\x68\x22\xe8\x4f\x44\x10\x90\xa0\x47\x44\x31\xfe\x92\x09\x88\
\xa6\xaf\x6d\xdb\xb6\x5f\x8c\x1e\x3b\x76\xc2\x8d\x7f\xb9\x29\xc3\
\xb2\xad\x65\xe5\x9e\x8a\x6d\x3e\xcb\xef\xf5\xfa\xb1\x2c\xe6\xb2\
\x2d\x77\x6c\x8c\xe5\xf1\x79\x2d\xdb\xed\x32\x6f\xbb\x72\x1a\xce\
\xb6\x71\xde\xed\x36\xbd\xf9\x4a\x01\xe6\x79\xab\x96\x3f\xb4\xc5\
\x86\x8c\x66\xd8\x90\xb9\x91\x86\x6d\xdb\x55\x23\x76\x8e\x5a\x38\
\x5a\x71\x59\xb6\x3b\x25\x29\xb9\x5e\x59\x49\xe9\x5f\x1e\x5b\xbc\
\x64\xe2\xe0\x81\x83\x33\x5f\x7e\xe1\x85\x16\x68\x40\x35\x0d\x4f\
\x78\x0a\x75\x4e\x00\xcf\x62\xec\xdf\xfe\xf6\xb7\x8b\xb2\xb3\xb3\
\x07\x3c\xfe\xf8\xe3\x53\x5d\x2e\xd7\xcd\x10\xe8\x74\x3c\xdf\x2e\
\xdb\xb6\x4d\xdd\xc1\x39\xb3\x36\x8e\xb8\xc6\x5f\xd6\x21\x9e\xe3\
\x73\xcf\x13\x3c\xb6\x6d\xdb\xb2\x6d\xdb\x08\x3e\xcf\x1d\x2e\x54\
\xda\x39\x54\x1c\xd4\x6b\xcb\x72\xd9\x16\x83\x2b\xc6\x6d\xf1\x98\
\x75\x9b\xc7\xfc\x8c\x39\x8f\x51\xcf\x3d\x85\xc5\x45\x5b\x5d\x31\
\x31\xf3\x6e\xb8\xe9\xa6\x5e\x58\x2c\x9f\xdf\xf6\xbe\xb6\x3f\xd8\
\x36\xbf\x3d\xe2\x50\x96\x75\x3e\x1c\x09\xb8\xc2\xd1\x69\xf9\x7c\
\x64\x02\x27\x9e\x78\x62\x49\x66\x66\xe6\xeb\x83\x07\x0f\xee\x7b\
\xe6\x99\x67\x3e\x54\x56\x56\xb6\x12\x8d\xc3\x6e\x04\x1f\x45\x96\
\x16\xd0\x6b\x37\x2f\xca\x70\x14\x8d\xf3\x66\x74\x81\x06\x8a\x1f\
\x5f\x31\x0d\x0e\xe3\x04\x23\xb0\xb1\xf3\x7a\xbd\x26\xfd\xa4\xa4\
\xa4\x98\xfa\x0d\x1a\x34\xdd\xbc\x79\x53\xf6\xb8\x49\x93\x17\x0f\
\x1b\x32\xa4\x23\xa7\x36\x0f\xef\x87\xae\x8a\x80\x73\x04\x50\x37\
\xec\xf5\xeb\xd7\x1f\x87\xba\xd4\x79\xc2\x84\x09\x4b\x36\x6d\xda\
\xd4\x27\x39\x39\xf9\x44\x3c\xb3\x8e\x7f\x42\x03\xa2\x7b\xd8\x8c\
\xb1\xb3\xc0\x4e\x02\x03\x67\x06\x18\x9f\xcb\x5a\xac\xdb\xd8\xf7\
\xa1\xde\x6f\x43\x7d\x7f\xe2\xa2\x8b\x2e\x6a\x9f\x83\x9f\x8c\x8c\
\x8c\x35\x18\x95\xeb\xcb\x61\x0e\x4b\x35\x7c\x2f\x4a\xd0\xc3\xb7\
\xec\x8e\xe8\x39\x2a\xb4\xff\xca\x2b\xaf\xdc\x35\x6b\xd6\xac\x97\
\x1f\x78\xe0\x81\x01\xe9\xe9\xe9\x93\x51\xc1\x37\xa0\x81\xaa\xc0\
\x35\x0b\x8d\x12\xa7\xbc\x8d\xa8\xb3\x41\x70\x63\xf4\xcc\x86\xa0\
\xa4\xa4\xc4\xbc\xcc\x43\xa1\x3f\x62\x22\xb5\x8c\xc0\x06\x09\xfe\
\x98\x99\x02\x9a\xe2\xd4\x24\x8e\x6d\x8c\x7a\x12\x6d\xcb\x3a\xf3\
\xd5\xd7\xfe\x9e\x3d\x78\xe0\xc0\xc1\x73\xe6\xcc\xb9\x50\x5f\x21\
\x4b\x42\x0a\xc1\x24\x80\x67\x31\x6e\xee\xdc\xb9\xe7\xf7\xef\xdf\
\x7f\xc8\xbb\xef\xbe\xdb\x1f\x75\xe2\xcc\x94\x94\x94\x04\xd4\x1f\
\x9b\xcf\xae\xd3\xbe\x20\x9d\xc3\x76\xae\xe1\x9f\x71\x01\x9d\x0b\
\x0b\x7e\x99\xfd\xd2\xd2\x52\x76\xca\x3d\x58\x72\x5b\x8f\x73\x63\
\x3b\x74\xe8\x30\x00\xd3\xeb\xaf\xff\xee\x77\xbf\xdb\x03\x7b\x75\
\xb6\xfc\x66\x9c\xd3\x1f\x47\x09\x48\xd0\x1d\xc5\x1b\x1a\xc6\x51\
\x89\x3d\x10\xf4\x0d\x63\xc7\x8e\xcd\xbd\xfc\xf2\xcb\xef\x86\x78\
\x2f\x40\x03\xb0\x65\xcf\x9e\x3d\x1e\x0a\x38\xd7\xd9\x38\x32\x67\
\xe3\xc0\x46\x0a\x62\x6a\xa6\x03\x29\xae\x4e\xe7\x80\x9d\x08\x74\
\x32\xcc\x14\x3c\x1a\x4b\xd3\x78\xc1\x37\xd3\xd1\x40\x87\xc3\x4e\
\x4d\x4d\x6d\xec\xf1\x78\xbb\x2c\x5d\xbc\xe4\xa9\x11\xc3\x87\x8f\
\x7c\xeb\xad\xb7\xce\x81\x9f\x8e\x8f\x8c\xf6\xcd\xb7\xf6\xa3\x8f\
\x00\x9e\xb1\xd8\x0f\x3e\xf8\xe0\x9c\xfb\xef\xbf\x7f\xc4\x33\xcf\
\x3c\xb3\x7c\xf7\xee\xdd\x1d\xf1\xac\x1e\x87\x3a\x61\x23\x98\xfa\
\x81\x7a\x54\x67\x60\x50\xa7\x4d\x5d\x61\x7d\x85\xaf\x14\x70\x53\
\x87\xe0\x93\x07\xf5\xe7\x6b\x6c\x17\x5e\x7d\xf5\xd5\xf7\x8f\x19\
\x33\x66\xfa\x9d\x77\xde\xf9\x1d\xe2\x7b\xeb\xcc\x59\x25\x1c\x34\
\x02\x12\xf4\xa0\xa1\xae\xfb\x84\xf8\x26\xeb\xa8\x51\xa3\xd6\x0d\
\xc2\xcf\x19\x67\x9c\xd1\x1f\x1e\x7d\x8c\x50\x88\xca\xef\x47\x6f\
\xde\x62\xcf\x9e\xa2\x5a\xd9\x48\xf0\xad\x58\x5c\x77\xf4\x97\x1d\
\x0a\x34\x36\x46\xc0\x99\x10\x7c\x31\xa3\x75\x34\x4a\xd6\xae\x5d\
\xbb\x38\x53\x60\x43\xf0\xdd\x18\x69\x34\xfd\x7a\xcb\xd7\x1d\x87\
\x0d\x19\x9a\x37\x66\xc4\x98\xcb\xd7\xac\x59\x63\xfe\x43\x15\xef\
\x51\x10\x81\x40\x12\xf8\xee\xbb\xef\x12\x87\x0d\x1b\xd6\x12\xd5\
\x64\xdc\xf7\xdf\x7f\xdf\x19\x33\x56\xcd\x50\x17\xdc\x58\x0e\xe2\
\x97\x23\x59\xec\xf0\x32\xf0\xb9\x0d\x64\xba\x07\xb3\x45\xb1\x66\
\xd8\xf7\xda\xbe\xe9\xb2\x9e\xf0\x5a\x61\x61\x21\x47\xde\x85\x1e\
\x8f\xe7\xa3\x53\x4e\x39\xa5\x7f\xdf\xbe\x7d\x07\x0f\x1d\x3a\xf4\
\x53\x4d\xaf\x93\x4e\xf4\x04\x09\x7a\xf4\x94\xb5\xc9\x29\x1a\x03\
\x7f\xcb\x96\x2d\x7f\x9e\x3d\x7b\xf6\x53\xe8\xb9\xdf\x1d\x1b\x1b\
\x37\xb2\xa4\xa4\xf8\x73\x8c\x86\xcb\xea\xd7\xaf\x6f\xfe\xa3\x1a\
\x47\x20\x09\x09\x09\x66\xdf\xdc\xe4\xf0\x1f\x8c\x7c\x8c\x88\x53\
\xcc\xd1\x20\x99\xd1\x0f\x67\x0c\x30\x3a\x37\x8d\x27\x7d\x81\x4f\
\x36\x3a\x1b\xa9\xf1\x09\x09\xd7\xbd\xf0\xb7\x95\x8b\x73\xc7\xe4\
\x8e\x5f\x34\x7f\x7e\x04\xfc\x27\x37\x87\xe1\xca\x7c\xb5\x09\x40\
\x38\x13\x96\x2e\x5d\x7a\x79\xf7\xee\xdd\xf3\xde\x7c\xf3\xcd\xf9\
\x38\xbe\x0e\xb3\x57\x69\x10\x73\xac\xfe\x58\xa6\x3e\xa0\x73\x59\
\x65\xcf\xeb\x75\x7e\xd0\x0b\x1f\x4c\x7d\xa8\x4a\x14\x3b\x95\xe7\
\xb8\x45\x9d\xe0\x27\x46\x4a\x50\x5f\xfe\x85\x4e\xc6\x60\xd4\xe9\
\x3b\x16\x2e\x5c\xf8\x04\xea\xf8\x8f\xa8\xeb\x3e\x44\xd7\x6f\x14\
\x11\x90\xa0\x47\x51\x61\xef\x9b\x55\x56\xf6\x4e\x9d\x3a\x6d\xce\
\xcd\xcb\x9d\x7e\x61\x8b\x16\xbd\x0a\xf6\xec\x59\x89\xd1\xf2\x4e\
\x34\x5e\x3e\x5c\xe3\xc8\xb8\x6a\xd4\xbc\xef\x7d\x81\xde\x47\x43\
\x64\xde\x0e\xe6\xec\x00\xd3\xa5\x78\x73\x86\x80\x0d\x27\xfc\x31\
\xd7\x4a\xb0\xa6\xcf\x78\x6c\xbc\x70\xde\x95\x92\x9c\x72\x62\x71\
\x51\x51\x87\xc5\x4b\x97\x4d\xca\xcd\xcd\xed\xba\x7a\xf5\xea\x13\
\xd1\xb8\xe9\x59\x0e\x74\xe1\x44\x89\x3d\x3e\x3b\x6b\xd7\xae\x6d\
\x0c\x21\xbf\x7f\xe6\xcc\x99\x13\xb1\x14\xf5\x20\x9e\xb5\x26\xe8\
\x68\xda\xec\x60\xa2\x33\x69\xa6\xb3\x21\xee\xfc\x9a\x54\x53\x37\
\xf8\x6c\xf2\x59\x0d\x06\x22\xd6\x0b\xa6\x53\xb9\x85\xbf\xf4\xc1\
\x8f\x0e\x85\xa7\xa0\xa0\xe0\x5b\xd4\x89\x47\x2f\xb8\xe0\x82\x3e\
\xa3\x47\x8f\x9e\x8b\x3a\xfd\x2d\xe3\x2a\x44\x27\x01\x35\x82\xd1\
\x59\xee\x55\xb9\x3e\xff\xfc\xf3\x8b\x26\x4c\x98\xf0\x5a\xbf\x01\
\xfd\x7b\xa4\xa5\xa5\x0e\x2b\x2e\x2e\x5e\xeb\x76\xbb\x4a\xd0\x60\
\xa1\xdd\xe0\x2c\x5e\x55\x54\x47\x76\x90\x8e\x19\x85\x53\xb0\x99\
\x00\x1a\x29\x23\xe2\x6c\xbc\x30\xe2\xe0\x29\xf3\x35\x95\x6c\x58\
\xe1\x1b\x47\x23\x8c\xcf\x69\xf8\x44\xdb\xb6\x5a\x6c\xda\xb4\x69\
\x78\x76\x76\xf6\x6c\xe4\xe1\xee\xad\x5b\xb7\x36\x82\xd3\x7a\xa6\
\x0d\xb5\xff\xfe\xd1\xdf\x43\x13\xe0\xb3\xf2\xcd\x37\xdf\xd4\xc7\
\xb3\x73\x3b\xa6\xa8\x67\xff\xeb\x5f\xff\x1a\x9b\x9e\x9e\x7e\x31\
\x9e\xbb\x44\xdc\x55\xf5\xd2\x1b\x85\x9c\x9d\x4c\x0a\x3b\x67\x91\
\xdc\x6e\x37\x2e\x5b\x55\xdf\xa9\x60\x0e\x1c\xfa\x63\xdb\x66\x72\
\xc0\xac\x97\xef\x93\x04\x5c\xf7\x63\xa9\xcc\xff\x32\xa6\xd7\xbb\
\x64\x64\x64\xf4\xcf\xcb\xcb\x7b\x9d\x75\x79\x9f\x38\xda\x8d\x42\
\x02\x6a\xfc\xa2\xb0\xd0\x0f\x96\xe5\x1b\x6e\xb8\xe1\xc7\x71\x13\
\x26\xcc\xbd\xb9\xcd\x2d\x19\x7e\xdb\x5e\x5a\x56\x51\xfe\x83\x3b\
\x36\xc6\x63\xb9\x6c\xbf\x1f\x6d\x0a\x03\xf6\x2d\x06\x7e\x9e\x9d\
\x9f\x75\xb5\xdd\x2e\xd3\xd0\xa0\x75\xe1\x88\xc1\x08\x31\xf7\x5d\
\x2e\x97\x99\x42\xb7\x6d\xfb\x60\x49\xed\x77\xce\xb6\x6d\x73\x2f\
\xef\xab\xbc\x60\xdb\xb6\xb1\xcb\xc6\xd3\xb6\x7f\xf9\x7c\x2f\x46\
\x4d\x26\x2e\xcf\xa3\xd1\x35\xff\xb5\x0a\xf7\x25\x63\x56\xa1\xd5\
\x73\xcf\x3d\x37\xa6\x57\xaf\x5e\x63\x56\xae\x5c\x79\x29\xce\xb9\
\x2b\x6d\x69\x2b\x02\x07\x23\xc0\x67\x04\xcf\xca\x15\x59\x7d\x32\
\x73\x5f\x7b\xe5\xd5\x3c\x6f\x85\xe7\xda\x84\xb8\xf8\x34\x3e\xd1\
\x7e\xaf\xcf\x62\x70\xdb\x38\x42\x9f\x96\xfb\xd8\xb3\x78\x6c\xf9\
\x70\x02\xa1\xea\xf8\x60\xc6\x8f\xe2\x9c\x6d\xdb\x66\xf4\xcf\x5b\
\xd8\x51\x80\x5f\xdc\xb5\x58\x87\xd8\xd9\xe5\xb3\x6e\x4e\xe0\x0f\
\xf6\xfd\xb6\x6d\x97\x95\x96\x95\x6e\x4e\x4e\x4c\x9a\x73\xc3\x4d\
\x37\x0c\x5a\xbc\x78\xf1\xab\xd7\x5f\x7f\xfd\x1e\x5c\xd6\xaf\x08\
\x58\x2e\x31\x10\x81\x4a\x02\xfc\xec\x7a\xcf\x9e\x3d\xdf\x1e\x35\
\x6a\x54\xdf\xdf\xfe\xf6\xb7\x59\x98\x7a\x7c\x15\x23\x63\x7e\xd4\
\xc5\x4c\xc3\x73\xf4\xcc\x06\x27\x2e\x2e\xce\x8c\x94\x79\xcc\x7b\
\xd9\xf8\x50\x60\x79\x9e\xfb\xb8\xa7\xaa\x91\xe2\x75\x27\x43\x4a\
\xc9\x27\xa6\x35\x00\x00\x10\x00\x49\x44\x41\x54\x4a\x8a\x55\x58\
\x58\x18\x0b\x51\x6f\xb2\x63\xc7\x8e\x76\x63\xc7\x8e\x9d\x84\x3c\
\xdc\x8a\x69\xf8\xe3\x9c\x4c\x57\xb6\x49\x20\x3c\xc3\x9a\x35\x6b\
\x8e\xc7\x88\xfc\xb6\x29\x53\xa6\x4c\x2a\x28\x2a\xbc\x1f\x42\x79\
\x02\x9e\xdf\x58\x88\xa5\x59\xaf\xe6\x33\xcc\x7d\x3e\xc7\x4e\xe7\
\xb0\xb2\x3e\x71\x8b\xa9\x73\x93\x3e\xd3\x66\xba\x78\xa6\xcd\xdb\
\xeb\x14\x76\xf8\xe7\x85\x9f\xdb\x8a\x8a\x8a\x1f\xfd\xdd\xc5\x17\
\x77\xee\xdb\xbf\xdf\xf0\x3e\x7d\xfa\xfc\x13\x71\x3d\x8c\xab\x20\
\x02\x24\x20\x41\x27\x05\x85\x2a\x02\x68\x20\xfc\x2d\x5a\xb4\xc8\
\xc7\x14\xde\x33\x59\x59\x59\x3d\x1b\x36\x6c\x38\xb9\xbc\xbc\x7c\
\x35\xc4\xbb\x18\x53\x8f\x7e\x36\x2e\x95\xeb\xdd\x68\x60\x2c\x06\
\x5c\x33\x5b\x36\x4a\x55\x86\x82\xb4\xc3\x37\xe1\x31\x4d\x6a\x31\
\x6d\xf8\x12\xd7\xa8\x51\xa3\x0b\x31\x75\x3a\x71\xe4\xc8\x91\x53\
\xc6\x8d\x1b\xf7\x47\x88\x7c\x5a\x90\x5c\x51\x32\x21\x4e\x80\xcf\
\xc2\xf4\xe9\xd3\x5b\xe5\xe4\xe4\x4c\x43\x87\x6f\x22\x84\xfb\x7c\
\x3c\xcb\x71\x78\xe6\xcd\xfb\x22\x7c\x86\xf8\x2c\xf3\x98\x01\xcf\
\x93\xe3\x39\x62\x7d\x62\x3a\xec\x0c\x27\x25\x25\x99\x59\x27\x76\
\x24\x78\x9e\x5b\xf8\xe7\xc3\xb5\xe2\x3d\x05\x05\x1f\xd4\x6f\xd8\
\x60\x64\xf7\x9e\xdd\x87\x8d\x9d\x30\xe1\x1f\x57\x5c\x71\x45\x01\
\x7c\xc4\x74\x81\xe3\x2e\x2a\x81\x30\x22\x20\x41\x0f\xa3\xc2\x0a\
\xa6\xab\x68\x2c\xca\x5b\xb7\x6e\xbd\x69\xf2\xe4\xc9\x79\x2d\x5b\
\xb6\x7c\x18\x8d\xdd\x32\xac\x61\x7f\x87\x46\xd0\x83\x7d\x23\xe0\
\x7c\x29\x88\xd3\x84\x88\x6b\xa6\xdb\xd9\x00\xf1\x1a\x46\x13\xa6\
\x61\x62\x43\xe5\xb4\xcf\x7c\x33\x1f\x7e\x19\x7f\xd0\xe1\xe0\xba\
\x26\xa7\xdb\x9b\x14\x14\x14\xb4\x79\xf5\xd5\x57\x67\x61\x14\x93\
\x81\x6d\x33\xf8\x15\xeb\xb4\x2f\xb2\x1f\x58\x02\x81\xb2\x86\xb2\
\x8f\x7b\xe9\xa5\x97\xce\xc4\x92\x4c\xd6\xd3\x4f\x3f\x3d\x13\x62\
\x79\x33\x46\xbf\xc7\xe3\xd9\x75\xf3\x59\x65\xc0\x73\x5d\xd9\x29\
\x34\x5b\x3e\xd3\x3c\x17\x28\x1f\x0e\x65\x27\x09\x22\xce\x7a\x83\
\x59\x26\xf3\xb1\x51\xf8\x6a\xea\x0e\x7c\xe3\xb2\x53\x79\x45\x85\
\x67\x7d\x79\x79\xc5\xac\xd6\x37\x5c\xdf\x6d\xe2\xc4\x89\xf3\xdb\
\xb6\x6d\xcb\xb7\xd7\xbd\x87\xb2\xa7\xf3\xd1\x4d\x40\x82\x1e\xdd\
\xe5\x7f\xc4\xdc\x37\x6e\xdc\xb8\x78\xf0\xe0\xc1\x9f\x0c\x1a\x34\
\xa8\xff\x99\x67\x9e\xd9\x0b\x0d\xcd\xcb\x10\xce\xad\x68\x84\xbc\
\x14\x52\x36\x40\x6c\x10\xb9\xbe\xcd\x46\x70\x5f\x83\xc1\x10\x74\
\x08\x37\x1b\x3e\xf3\xe2\x1c\xd3\x67\x9a\xf4\x07\xa3\x9a\x18\x34\
\xc8\xa7\x7f\xff\xfd\xf7\x7d\x86\x0f\x1f\x3e\x1f\x79\xe8\xb5\x69\
\xd3\x26\xbd\x0d\xbf\x6f\x01\x45\xf8\x3e\x9e\x4d\xfb\xdf\xff\xfe\
\xf7\xc9\xd9\xd9\xd9\x59\x58\x8a\x59\xb4\x6d\xdb\xb6\xde\x58\x7b\
\x3e\xcd\x53\x5e\xe1\xc6\x9a\xb9\x59\x27\xe7\x73\x8b\x78\x56\xe5\
\xc8\x1c\xcf\x8c\xa1\xc2\x73\x7c\x9e\xcc\x81\x83\x7f\x38\xcd\x4e\
\x1f\x28\xec\xa8\x5b\x95\x9d\x09\x2f\xd2\xff\x4f\x69\x49\xc9\x53\
\xe7\x9c\x75\x46\x97\xbc\xf1\x79\x23\xfa\xf4\xeb\xf7\x4f\x2e\x89\
\x39\xe8\x8a\x4c\x47\x00\x01\x09\x7a\x04\x14\xa2\xd3\x59\x40\xc3\
\xe6\xc3\x28\xfd\xe7\x59\xb3\x66\xad\xc4\x08\xe1\x61\x34\x3c\x23\
\xd1\x10\x6d\x80\x68\x62\x46\xb0\xd4\xac\x97\x23\x8e\x79\x91\x07\
\x0d\x91\x69\x1c\xb9\x45\x3c\xa7\x5d\x33\x42\xce\x46\x18\x1d\x8c\
\x2a\x3f\xe8\x0b\x85\x1d\x8d\xb4\x0b\x7e\xa4\xd4\xab\x57\xef\xf2\
\x37\xdf\x7c\x33\x0b\x23\xb4\x91\x0b\x17\x2e\xbc\x44\x5f\x21\xeb\
\x78\xb1\xd4\x79\x02\x28\xf7\xb8\x79\xf3\xe6\x5d\xd8\xbf\x7f\xff\
\xb1\x1f\x7f\xfc\x71\x26\x46\xe4\x97\xe0\xb9\x48\xda\xb3\x67\x8f\
\xcd\xe7\x25\x25\x25\xc5\x88\x27\x9f\x13\x3e\x3b\x78\x56\x4c\xc7\
\x90\xd7\xe8\x3c\xee\x37\xd7\xb9\xef\x64\x60\xfa\x14\xf4\xf2\xf2\
\x72\x93\x3e\x66\xbd\x8a\xb0\x34\xb0\x2e\x31\x31\x61\xe4\x43\x9d\
\x3a\x66\x4f\x9f\x3d\xfb\x5d\x2e\x81\xc1\x77\x4d\xaf\x3b\x59\x10\
\x11\x62\x5b\x82\x1e\x21\x05\x19\x8c\x6c\xa0\x51\xf1\x3e\xf4\xd0\
\x43\xdf\x60\x7d\x7d\x7e\xab\x56\xad\x3a\xa1\x21\x7c\x04\xa2\xbe\
\x05\x8d\x12\xda\xa3\x72\xe3\x02\x1b\xc4\xca\xc6\x30\x18\x82\xee\
\xf3\x60\xf6\xd1\xe7\x37\xa3\x2d\xfe\xef\xa8\x18\x97\xdb\x72\x59\
\xb6\x65\xe1\x1c\xdf\x4a\x4e\x8c\x4f\xb0\x8a\x0a\x0a\x5d\x69\x29\
\xa9\x0d\x11\xf7\xce\xf9\x73\xe7\xcd\x1b\x35\x62\xd4\x80\x55\xab\
\x56\x5d\x00\x3f\x13\x8c\xd3\xfa\x13\x31\x04\x50\xa6\x89\x6f\xbd\
\xf5\xd6\xaf\x3b\x74\xe8\xd0\x6f\xd9\xb2\x65\x8b\xd0\xf1\xbc\x15\
\xe7\xd2\xca\x4a\x4a\x6d\xbe\xad\x9e\x96\x96\xc6\x8f\x3d\x9a\x2f\
\x89\xc1\xf3\x6c\x3a\x9f\x75\x99\xf9\xc4\xc4\x44\x8b\xdf\xb3\x00\
\x51\x87\xab\x65\x5f\xe4\xe7\xef\x99\x70\x53\xeb\xbf\xb4\x1f\x9d\
\x9b\x3b\xef\x9e\x7b\xee\xf9\xbe\x2e\x7d\x53\xda\xe1\x47\xc0\x15\
\x7e\x2e\xcb\xe3\xba\x26\xc0\xaf\x93\xc4\x14\xf6\x7b\x18\xfd\x0c\
\xff\xd5\xb1\xc7\xf4\x8b\x8b\x8b\x7f\xad\xc2\xe3\x29\x46\xc3\xe9\
\xe7\x74\x37\x45\x1d\x22\x6f\x31\x38\xed\x2b\x1b\x65\xa6\xc3\x74\
\xdd\x6e\x37\xd7\xd0\x2d\xf8\x61\x5e\x72\xf2\x7a\xbd\xe6\x1f\xcf\
\x24\x27\x27\xf3\x3f\xb9\xd9\x58\x3b\x8d\x45\x83\x7e\xce\xc6\x8d\
\x5f\xf6\x9e\x3a\x69\xca\xb4\x51\xa3\x46\x75\xc4\x68\xbd\x9e\xd3\
\x3e\xca\x7e\x70\x08\x7c\xf1\xc5\x17\x8d\x46\x8e\x1c\xd9\x71\xc4\
\x88\x11\x33\x37\x6d\xda\x94\x15\x17\x17\x77\x0e\x9e\x01\x3c\x1a\
\x31\xfc\x96\x41\xf3\x5c\xe0\xd8\x6c\xf9\x8c\x32\xf0\xf9\xe1\x73\
\xc3\xc0\xe7\x88\xd7\xe9\x6d\xe5\x35\xee\xd7\x24\x54\xf7\x1e\x4c\
\x71\xf9\xe1\x67\x41\x51\x71\xf1\x5f\x4f\x3e\xe9\xc4\xcc\x9c\xe1\
\x39\x93\x86\x0c\x19\xb2\x8e\x75\xac\xba\x36\x14\x4f\x04\x2a\x09\
\x48\xd0\x2b\x49\x68\x7b\x54\x04\xd0\x10\xfa\xaf\xbe\xfa\xea\x1d\
\x8b\x1f\x7b\x6c\x45\xeb\x6b\x5b\x77\x4d\x4f\x4d\xc9\xc5\x10\x63\
\x1d\x44\xb3\x18\x23\x77\x68\xaa\xdf\x4c\xc1\xb3\x61\x64\xc0\x09\
\x63\x9f\xfb\x95\x0d\x27\xf7\xcd\xc9\x5a\xfc\xa1\x5d\xda\xa1\x4d\
\x06\xb4\xde\xc6\x1a\x1b\x66\x36\xd2\xbc\x06\x7f\xcc\x8b\x46\x7b\
\xf7\xf9\x7d\xdc\x29\x85\x45\x85\x97\xff\xe3\x8d\x7f\xe4\x64\x65\
\x65\x8d\x78\xe2\x89\x27\x7e\x07\x3b\x1a\xad\x1b\x72\xe1\xf7\x07\
\x65\x17\xff\xcc\x33\xcf\x5c\x3c\x60\xc0\x80\x51\x98\x79\x19\x86\
\x72\xbe\x0c\x21\x05\xcf\x83\xed\xda\x3b\x5b\xc3\x5c\xe1\x99\x35\
\x62\x8e\xf8\x3c\x34\xfb\xdc\xe1\x31\x03\xaf\x33\xec\x7b\x8e\xfb\
\x87\x0b\x7c\xb6\x90\x96\x79\xbe\x68\x83\x81\xf1\x69\x87\xa1\xf2\
\x39\xe4\xf9\xca\x7d\x9e\xc7\x7d\x38\xe5\x2f\x89\x89\x8b\xfd\xc8\
\x76\xbb\x06\xde\x7e\xc7\xed\xbd\x17\x2c\x5a\xf4\x37\x2c\x6d\xed\
\xe6\xfd\x0a\x22\x50\x13\x02\xae\x9a\xdc\xa4\x7b\x44\xa0\x92\x00\
\x1a\x27\x6f\xc7\x9e\x1d\xbf\xcb\x9b\x30\x61\xf2\x15\x57\x5d\xd9\
\xaf\xac\xbc\x6c\x05\x1a\xd2\x9d\x49\x49\x49\x5e\xcc\xc3\x9b\x11\
\x32\x8e\xcd\x68\x9d\x5b\x0a\x2e\x85\x96\xf7\xb3\x21\xe4\xd6\xc9\
\x80\x56\xd3\x34\xdc\xdc\x32\x1d\xf8\x6b\xed\x0d\xdc\xd4\xdf\xb5\
\x6b\xd7\xfd\x73\xe6\xcc\x99\xce\xaf\xfd\xfc\xe0\x83\x0f\x4e\x60\
\x1c\x85\xf0\x21\xb0\x7a\xf5\xea\x13\x7b\xf7\xee\xdd\x7e\xf2\xe4\
\xc9\x33\x0a\x0a\x0a\xee\xc1\xb3\x95\x0e\xb1\xb4\x39\x95\x8d\x7d\
\xc7\x33\x82\x35\x6f\xf3\x8c\x63\xa4\x6d\x9e\xab\xca\x34\xe1\x83\
\x79\xa7\x83\xd7\x59\x0f\xf8\xb0\x61\x5a\x9d\x33\x45\xf4\xc9\x9f\
\x98\x90\xb8\xd3\xe7\xf5\x3e\x7d\xf6\xd9\x67\x67\x0d\x1b\x36\x6c\
\x7e\xb7\x6e\xdd\xf8\x1f\xd1\x7c\xbc\x78\xe4\xa0\x18\x22\x70\x70\
\x02\x12\xf4\x83\x73\xd1\xd9\xa3\x20\x80\xc6\xca\x7f\xd6\x59\x67\
\x15\x60\xaa\xf3\xb5\x81\x83\x06\x3d\x7c\xd2\x29\x27\xf7\xdc\xbd\
\x27\xff\x45\xaf\xdf\x97\xef\x8e\x8d\xf1\xf9\x2c\xbf\x15\x1b\x1f\
\x67\x59\x2e\xdb\xda\x95\xbf\xdb\xe2\x71\x62\x72\x92\x55\x58\x5c\
\x74\x14\xa9\xd4\x2c\x2a\x85\x9c\x61\xdf\xbb\xe1\xaf\x69\x7c\xd9\
\xa1\x40\x03\x9c\x82\x29\xcf\x8b\x3e\xfb\xec\xb3\x71\x58\x46\x58\
\x32\x6d\xda\xb4\xeb\xbe\xff\xfe\xfb\x86\xb8\xc7\xde\xf7\x1e\xed\
\x87\x0e\x01\x94\x8d\x0b\x53\xea\xc7\x4e\x9c\x38\xb1\x75\x4e\x4e\
\xce\x13\x6b\xd6\xac\x19\x0f\xe1\xbc\x38\x3e\x3e\x3e\x89\xa3\x60\
\x96\xaf\xe5\xf3\x5b\x25\x45\xc5\x8e\x3b\x5d\xe1\xf5\x58\xae\x18\
\xb7\x15\x97\x10\x6f\xf9\xf1\xc4\x94\x96\x97\x59\x1e\x9f\xd7\x3c\
\xef\xf1\x89\x09\x16\x8f\x31\x0a\xb7\x18\x0f\xcf\xbd\x0f\xf1\x0a\
\x8a\x4a\x8a\x5f\x6a\x70\x4c\xc3\x5e\x5d\xbb\x3f\xdc\x1b\x79\x78\
\xab\x45\x8b\x16\xce\x3b\x6a\xe9\x27\x1a\x08\x48\xd0\xa3\xa1\x94\
\x83\x94\x47\x34\xa4\xfe\x56\xad\x5a\xe5\x63\x1a\xfb\xa9\xb6\x6d\
\xdb\xf6\xc3\x28\x7d\x1c\xa6\xe0\xd7\x61\x64\x5e\x86\x2d\xd7\x0a\
\xad\x06\x0d\x1a\x18\x6f\x8a\x8a\x8a\x2c\x7e\xcb\x9b\x39\xa8\xc3\
\x3f\xf0\xcb\xa4\x8e\xd1\x53\x0a\xc2\xe5\x4f\x3f\xfd\xf4\xa4\x8c\
\x8c\x8c\xa1\x2f\xbd\xf4\xd2\x6f\x21\x1c\xe8\x85\x98\xcb\xfa\x13\
\x22\x04\x50\x26\x09\x7f\xfd\xeb\x5f\x5b\xa2\xf3\x98\xfb\xfc\xf3\
\xcf\x4f\xc2\x48\xf8\x12\x3c\x47\x49\xd8\x5a\xfc\x18\x25\xdf\x97\
\x40\x1c\x8b\x9f\xeb\xe6\x77\x14\x38\xed\x36\xd3\xc2\xf3\x6d\x66\
\x81\xd8\x41\xc4\x33\x64\xa6\xdf\xe9\x0f\x66\x0c\x2c\x74\x32\x38\
\x82\xf7\xe3\x3c\x4e\x79\xbe\x80\x3f\xd3\x6f\xb9\xe5\x96\x2c\x74\
\x1e\x9f\x6a\xd3\xa6\xcd\x0e\xd6\x19\x9c\x0b\xa9\x5f\x39\x13\xbe\
\x04\x24\xe8\xe1\x5b\x76\x21\xeb\x39\x5f\xe8\xc1\x14\xf6\x86\xcc\
\xcc\xcc\xb1\xd8\xbf\x0d\x8d\xd6\x7c\x4c\x49\x7e\xcd\x16\x8d\x42\
\xce\x06\x90\x0d\x1d\xdf\xee\x75\x3a\x13\x48\xdb\x8c\xc6\x0f\x95\
\x0e\x05\x80\x71\x30\x4a\xe7\x74\x68\x2c\xb6\x67\xfe\xe7\x3f\xff\
\xe9\x3c\x7e\xfc\xf8\x47\xb3\xb3\xb3\x1f\x5c\xbf\x7e\x7d\x03\x34\
\xda\x18\x7b\x1d\xca\x82\xce\x07\x83\x00\xca\xc0\xb5\x6e\xdd\xba\
\x63\x31\xbd\xde\x23\x2f\x2f\x6f\xde\x77\xdf\x7d\x77\x1f\x44\xb2\
\x29\x9e\xab\x18\x6c\xad\xd4\xd4\x54\x8b\x82\x5a\x5a\x5c\x62\xc5\
\xc5\xc4\x9a\xff\x8a\x46\x81\x3f\xd0\x37\x36\x78\xfb\x86\x03\xaf\
\x1f\xed\x31\x66\x78\xcc\x2d\x9c\x19\x80\x8f\x55\xcf\x1a\x97\x96\
\xd2\xd2\xd2\x2c\xf8\xe7\xc5\xfe\x0f\xf0\xe5\x89\xd3\x4f\x3f\xbd\
\xdd\x94\x29\x53\x86\xf5\xe9\xd3\x67\x7d\xb3\x66\xcd\xca\xcc\x8d\
\xfa\x23\x02\x01\x24\xc0\x67\x3b\x80\xe6\x64\x4a\x04\x7e\x21\xd0\
\xb2\x65\x4b\xcf\xd4\xa9\x53\xbf\xea\xd8\xb1\x63\x4e\xe3\xc6\x8d\
\xb3\x21\xe0\xef\x42\xc8\x77\xa3\x01\xf6\x95\x95\x95\x59\xd8\xff\
\x25\x72\x90\xf7\xd8\xf8\x32\xc0\x27\xb3\xd6\xc9\xd1\x14\x1a\x5e\
\x33\xba\x82\x5f\xb1\x10\xfa\x66\xef\xbf\xff\xfe\x80\x7e\xfd\xfa\
\x8d\x9a\x3f\x7f\xfe\x95\x9b\x37\x6f\x4e\x47\x7c\x3b\xc8\x6e\x46\
\x7d\x72\x64\xbe\x63\xc7\x8e\xb4\x39\x73\xe6\xb4\x44\x07\x6b\xe2\
\xc7\x1f\x7f\x9c\x05\xa1\x3c\x09\x42\x6a\xda\x2e\x8c\xce\xcd\x47\
\xd0\xf2\xf3\xf3\x2d\x76\x14\x29\xea\xdc\xe2\xbe\x2a\x71\x75\x12\
\x22\x3a\xa9\xe6\xbb\x10\xf8\xec\x70\xad\xdc\xeb\xf5\x9a\x8e\x05\
\x66\x7e\xfc\x78\xa6\x8a\x71\x6e\x2d\x66\xa5\x86\xf4\xea\xd5\xab\
\xff\xec\xd9\xb3\x3f\x91\x90\x3b\x59\x1a\xb2\x6d\x2a\x85\x30\x88\
\x80\x53\x04\x30\xfa\xf5\x63\xfa\x7d\xfb\xf2\xe5\xcb\x9f\xc6\x74\
\xfc\x83\x18\xb1\x0c\xdb\xb3\x67\xcf\x3a\x88\x66\x39\x1b\x43\xa7\
\xd2\x3d\x98\x5d\xf8\x52\x75\x7a\xdf\x7d\x36\xc6\x14\x06\x34\xbe\
\xe6\x3a\x8f\x21\x10\x6e\xac\xcb\x9e\x80\x8e\xc7\x43\x10\xf4\x85\
\x98\xe2\x1d\xf1\xca\x2b\xaf\xfc\x06\x42\x11\x63\x22\xe9\x8f\xe3\
\x04\xc0\x3a\x1e\xd3\xeb\xbf\xef\xdb\xb7\xef\xb8\xc7\x1e\x7b\x6c\
\x21\x44\xf2\x0e\x2c\xe3\x34\x84\x68\x56\xb5\x5b\x2c\x33\x96\x17\
\x9e\x27\xf3\xf9\x72\x08\xbd\x11\x76\xc4\x35\xc2\xea\xb4\x93\xf0\
\xd1\x4c\xb7\xc3\x27\xd3\x81\xc0\x33\xc3\x74\xcb\x71\xfc\x35\xf6\
\xa7\x5f\x7b\xed\xb5\x9d\x97\x2d\x5b\xb6\xf8\xd6\x5b\x6f\xfd\x1e\
\xcf\x9c\xd7\x69\x7f\x64\x3f\xba\x09\x54\x55\x8c\xe8\xc6\xa0\xdc\
\x3b\x4d\x00\x8d\x99\x6f\xd0\xa0\x41\x5f\x61\xed\x70\xf6\xf9\xe7\
\x9f\xff\x30\x04\xf3\x59\x9c\xdb\x81\x74\x83\xda\xc8\x21\x4d\x24\
\xf9\xdf\x5f\xee\x33\xf0\x88\x9d\x0b\x0a\x03\x47\x77\xdc\xe7\x5b\
\xd2\x1c\xed\xe1\x5a\x0c\x46\x84\xa7\x6c\xd9\xb2\xe5\x41\x4c\xf5\
\xe6\xc2\xff\x9b\x37\x6e\xdc\x98\x86\x86\x5c\xa3\x75\xc0\x71\xe2\
\x17\x6c\x5d\x9f\x7f\xfe\x79\xc3\x21\x43\x86\xdc\x3e\x63\xc6\x8c\
\x31\x5f\x7f\xfd\xf5\x7d\x10\xf2\x26\x28\x2b\x37\xcb\x87\x81\x82\
\x8d\x99\x9e\xaa\xef\x1b\xc0\x3d\x46\x58\x79\x9e\xa2\x0e\x31\xe5\
\xda\xb5\x13\xee\xed\x67\x93\x69\x31\x4d\x9e\x44\x9a\x5e\x74\x00\
\xb7\xed\xde\xbd\x7b\xf9\x59\x67\x9d\xd5\x1d\x33\x0a\xe3\x06\x0c\
\x18\xf0\x09\xfc\x0e\xea\x33\x4e\x5f\xa2\x35\x44\x7b\xbe\x25\xe8\
\xd1\xfe\x04\x04\x31\xff\x68\xd8\xfc\x98\x86\x2f\x45\x23\xfd\xc1\
\x43\x0f\x3d\xd4\x17\xa3\xaa\x61\x25\x25\xc5\xef\xa1\x31\xe6\xeb\
\xee\xd8\xf8\xcd\x37\x77\xb1\xc1\xa6\x98\x62\x94\x63\x46\x3d\xdc\
\xd2\x4d\xdc\x6f\x46\x5f\xdc\x52\x7c\x2b\xcf\xf3\x5a\x75\x02\x12\
\x30\x8d\xfe\xbe\x71\x5d\x96\x5d\xf5\x2d\x73\xfc\xa6\x39\x06\x9e\
\xb3\x7c\x7e\x73\x9e\xfb\x38\x67\x63\x5d\x36\x09\xfb\x7f\xfc\xe0\
\xdd\xf7\x27\xf6\xef\xd7\x6f\xcc\xdc\xb9\x73\x2f\xf5\x6f\xf1\xeb\
\xb3\xeb\xfb\xc2\x0c\xc0\x3e\xd6\xc6\x13\x1f\x9d\x3b\xf7\xca\x41\
\x03\x06\x8d\x79\xf7\xed\x77\xf2\xfc\x5e\xdf\x25\xb1\xee\x98\x78\
\x94\x87\x0d\xfe\x16\x03\xca\xc3\x8a\x8f\x8d\xb3\x7c\x1e\xaf\x09\
\x95\xdf\x0e\xc8\xf3\x7c\x6e\xfc\xfe\xff\x3e\x47\x14\xdb\x03\x5d\
\xe2\xe7\xc2\xf6\x0d\x07\x5e\x3f\xd8\x31\x9f\x33\xda\x65\x60\x67\
\x8f\xcf\x1f\x3b\x13\x95\xfb\x38\xf6\x23\x94\x14\x16\x16\xae\xc1\
\x5a\xfe\xb0\x07\x1f\x7c\x30\x7b\xe6\xcc\x99\x2f\xe1\x59\xff\x19\
\xe7\xfd\x07\xb3\xa9\x73\x22\xe0\x04\x01\x97\x13\x46\x65\x53\x04\
\x0e\x47\x00\x8d\x9c\xaf\x7d\xfb\xf6\xdf\xa1\xd1\x9b\x77\xc5\x55\
\x57\xf5\x8a\x89\x71\xcf\x29\x2e\x2e\xfa\x06\xe7\x2b\x30\xca\xf1\
\x23\x58\x14\x75\x36\x9a\x6c\x4c\xb9\x65\xe3\xc9\x7d\x5e\xe3\x3e\
\x1a\x4f\xf3\xe2\xd3\xe1\xd2\x09\xc4\x35\xfa\x41\x81\x80\x6f\x56\
\x5c\x5c\x9c\x3b\x3e\x21\xfe\x84\x9d\x3b\x76\xdd\xff\xdc\xb3\xcf\
\xce\xe9\x38\xa2\x63\xd7\xb5\x6b\xd7\x9e\x8c\xeb\x9a\x86\xaf\x25\
\x6c\x30\x8c\x7d\xfb\xed\xb7\xcf\x18\x33\x6a\x4c\xcf\xc5\x4b\x1f\
\x9b\x95\x9f\xbf\xfb\x5e\x94\xfb\xaf\x60\xb6\x4e\xdb\x28\x96\x3b\
\xfc\x30\x1d\x4d\x3e\x77\x78\x06\x2c\x9e\xe3\xa8\x1c\xe7\xf9\xef\
\x84\x3d\x18\x95\x7f\x03\x3f\xe7\x5d\x79\xe5\x95\x7d\x86\x0e\x1d\
\xba\x08\x82\xbe\x15\x71\xd8\x6f\xc0\x69\xfd\x46\x0e\x81\xd0\xcf\
\x49\x9d\x56\x96\xd0\xc7\x23\x0f\x9d\x24\xc0\xff\x1e\x35\x6a\xd4\
\xa8\x4f\x7a\xf4\xea\x35\xea\xa4\x53\x4e\xc9\xc1\xfa\xfa\x2a\x34\
\x8e\x7b\x8a\x0a\x8b\x4c\x63\x48\x31\xe5\xa8\x88\x3e\x50\xc8\x39\
\x2a\xc7\x75\xb3\x56\x8a\x29\x58\x0b\xf1\x79\xc9\xd1\xc0\x51\x1e\
\x03\x7d\x61\xda\xe8\x54\xd8\x2e\xb7\x2b\xa9\xb0\xa0\xf0\xdc\x4d\
\x9b\xbf\x1c\x98\x95\x95\x35\x23\x37\x37\xf7\x36\x4c\xc9\x1f\xe7\
\xa8\x23\x11\x6c\x7c\xd3\xa6\x4d\x27\x62\x39\xe3\x9e\xe1\x43\x87\
\xcd\x5c\xbf\xfe\xb3\x6c\x88\xe6\xd9\xe0\x9d\x50\x59\xf6\x75\x9d\
\x75\xf8\x62\xd1\x17\x08\xb8\x99\xe1\xa1\xb0\xe3\x39\xa0\xc8\x97\
\x40\xb8\xdf\x3e\xe9\xa4\x93\x72\x7a\xf4\xe8\x31\x74\xe4\xc8\x91\
\xef\x63\x39\x89\xb3\x4d\x75\xed\xb2\xd2\x8f\x52\x02\x12\xf4\x28\
\x2d\xf8\x50\xc9\x36\x1a\x44\xff\xb5\xd7\x5e\xbb\x73\xe9\xd2\xa5\
\x8f\xdf\x77\xe7\x1d\x5d\xe2\x62\xe3\xb3\x6c\x97\xf5\x1e\xfc\x2b\
\x43\x43\x6a\xbe\x1b\xbe\xa4\xa4\x84\x1f\x29\xb3\xd8\xa8\x62\x24\
\x67\x46\xef\xdc\xa7\xd0\x22\x9e\xa3\xbf\x6c\xb8\x99\x00\x3b\x13\
\xf0\x95\xbb\x1c\xa9\x5b\xc9\xc9\xc9\x56\x52\x52\x72\x7d\x5c\xbf\
\x76\xd5\xaa\x55\x13\x33\x33\x33\xa7\x2e\x5e\xbc\xf8\x5c\xf8\xa7\
\xcf\xae\x1b\x4a\x47\xfe\x03\x56\xb1\x4f\x2f\x5b\xf6\xeb\xa1\x83\
\x86\x4c\x7e\xf6\x99\x15\x79\xb6\xcb\xfe\x43\x7c\x7c\x7c\x3a\xef\
\x24\x5f\xb0\xe5\x6e\x9d\x06\xf8\x68\xd6\xe2\x39\x22\xe7\x3e\x9e\
\x01\x6c\xfc\xe5\xe8\xd4\xad\x4f\x4c\x4c\x98\xf1\x97\xbf\xfc\xa5\
\x47\xbf\x7e\xfd\x1e\xbf\xf1\xc6\x1b\x77\xf1\x5a\x9d\x3a\xab\xc4\
\xc3\x9a\x40\x20\x9c\x77\x05\xc2\x88\x6c\x88\x40\x6d\x09\xa0\x31\
\x2c\x6f\xdf\xb5\xeb\x57\x99\xfd\x32\x17\x9f\xd7\xfc\xfc\x6c\xac\
\x60\x3f\x6b\x59\xf6\x0f\x18\x85\x7b\xd3\xd3\xd3\x8d\x88\x62\xdf\
\x7c\xac\x8c\x42\xce\xd1\x32\x5a\x56\xcb\xe9\x1f\x76\x1c\xd0\xb1\
\x30\x23\x33\xa6\x0b\x3f\x4d\x87\x82\x0d\x3c\x3a\x1a\xfc\x8a\x51\
\x37\x84\xe7\xb8\x82\x82\x82\x9b\x16\x2c\x58\x30\x09\xc2\x7e\xfb\
\x7a\x7d\x76\xfd\xb0\xc5\x82\x72\xb3\x3f\xfc\xf0\xc3\x86\x7d\xfa\
\xf4\xb9\x67\xfa\xec\xd9\x53\x7f\xda\xf6\xd3\x0d\xf5\xea\xd5\x6b\
\x04\xbe\x6e\xf2\xc5\xf5\xa0\xcc\xbe\x1c\xd6\xc9\xbd\x17\x59\xf6\
\x69\x69\x69\xe6\xe5\x3b\x3e\x73\x28\xf7\x1d\x58\x14\x7f\xf1\xbc\
\x5f\xff\xba\xef\x90\x9c\x9c\xbc\x9e\x3d\x7b\x7e\xd6\xbc\x79\xf3\
\xf2\xbd\xd1\xb5\x11\x81\x3a\x25\x20\x41\xaf\x53\xfc\x4a\xfc\x40\
\x02\x2d\x5b\xb6\x2c\x9d\x34\x6d\xd2\x7b\x9d\xbb\x74\xe9\x99\x94\
\x92\xf4\x50\x85\xc7\xf3\x32\xd6\xcb\x77\xa2\x31\xf5\x51\x5c\xd9\
\xe0\xf3\x1e\xee\x43\x48\xb9\xeb\x68\x80\xc8\x18\x31\x67\xc3\x4e\
\xa1\x61\x9a\x0c\x1c\xb1\x27\x25\x25\x99\xd1\x1b\xa6\x88\xf9\x2f\
\x30\x13\x70\xee\x8f\x58\x53\x9f\xd8\xbd\x7b\xf7\x25\x53\xa7\x4e\
\xbd\x1d\x22\x7f\x0c\xee\xd1\xdb\xf0\x7b\x4b\x88\x2c\xb6\x6e\xdd\
\xda\x68\xfa\xf4\xe9\x6d\x31\x3d\xbd\x14\xac\x26\x24\x26\x26\x5d\
\x89\xb2\x8c\x27\x53\x46\x23\x6f\x96\x31\x03\xa7\xb8\x79\xae\x2e\
\x03\x7c\xb6\xb0\x9e\xef\xc3\x36\x3f\x26\x36\x66\xf5\x31\xc7\x34\
\x1a\xfe\x50\x87\x87\x7a\x8e\x1f\x3f\xfe\xe5\x16\x2d\x5a\xfc\x5c\
\x97\xbe\x29\x6d\x11\x38\x90\xc0\xa1\x05\xfd\xc0\x98\x3a\x16\x81\
\x20\x11\x40\x63\xee\x6f\xd3\xa6\xcd\xb6\xe7\x9e\x7b\xee\xf5\x1b\
\x6e\xbc\xa1\x6f\x5a\x5a\xfa\x23\xa5\x25\xa5\xdf\x40\x38\x3d\xb8\
\x46\xf1\x34\x22\xcb\x69\x59\xa7\x5d\xc2\x88\xcc\x8c\xc8\x21\xd6\
\x66\x94\xc6\xf4\x28\xee\x14\x20\xae\xa5\xa2\xa1\x37\xcb\x01\x18\
\x61\xf2\x3a\xeb\x53\x23\x08\xd4\x35\x7f\xfd\xeb\x5f\x73\xef\xbe\
\xfb\xee\xcc\x57\x5f\x7d\xf5\xcc\x8d\x1b\x37\xc6\xf3\xbe\x68\x0e\
\xe0\x14\xf7\xb7\xbf\xfd\xad\x59\x16\x7e\x96\x2f\x5f\x3e\x16\x1d\
\xb4\xab\x51\x9e\xf5\xb1\x25\x33\x33\x03\x83\x38\x16\x8e\xcd\x4b\
\x67\x31\x31\x31\x66\xbf\xae\x99\xc1\x47\x8f\x65\xd9\x5f\xd9\xb6\
\x35\xab\xe5\x1f\xff\xf8\xf0\xe8\xdc\xdc\xb9\x77\xde\x79\x27\xff\
\x91\x0a\x06\xea\x96\x7e\x44\x20\xa4\x08\x98\xca\x0d\xf7\x95\x5d\
\x00\x00\x10\x00\x49\x44\x41\x54\x14\x52\x1e\xc9\x19\x11\xd8\x4b\
\xc0\xb6\x6d\x0f\xd6\x27\x3f\x1f\x39\x7a\xe4\xd0\xdf\xb4\xb8\xf0\
\xbe\x82\xc2\x82\xc7\x30\xed\xfe\x73\x6a\x6a\xaa\x8f\x0d\x3e\x46\
\xee\x7b\x63\x3a\xb7\xa9\x1c\x25\x52\xc0\x19\x20\xd6\x14\x6e\xf3\
\x62\x1e\x85\x9d\x29\x33\x0e\xa6\xdf\xf9\x92\x94\x79\xf3\x1e\x7e\
\xc7\x40\x9c\x4e\x2a\x2f\x2f\xef\x39\x6c\xd8\xb0\x67\xb1\xb6\x3e\
\xfa\xe3\x8f\x3f\x3e\x1b\xe7\xa2\x6e\xb4\x8e\x3c\xbb\x3f\xfd\xf4\
\xd3\x33\x06\x0e\x1c\x98\x33\x71\xe2\xc4\x15\x3f\xfc\xf0\x43\xcf\
\xc4\xc4\xc4\x93\xd0\x19\x42\x11\xc6\x18\x21\xe7\xa8\x1c\xe5\x6a\
\xbe\xb1\x0f\xd7\x8c\xa0\xf3\x98\x5c\xc9\xb7\x8e\x82\xd7\xb2\xec\
\x9f\x0b\x0b\x0a\x96\x9d\xff\x9b\x0b\xda\x4d\x98\x34\x69\x68\xff\
\xfe\xfd\x3f\x6a\xda\xb4\x69\xa9\xa5\x1f\x11\x08\x51\x02\x75\x25\
\xe8\x21\x8a\x43\x6e\x85\x22\x01\xae\x51\x62\x0a\xfb\xbd\x2e\x5d\
\xbb\xe6\x34\x68\xd4\x70\xea\x8e\x5d\x3b\xbf\xf0\xf8\xbc\x65\xb1\
\xf1\x71\xd0\x0b\xbf\x59\x57\xa7\xd0\x52\x60\x19\x70\xd2\x8c\xe0\
\x03\x91\x97\x4a\x11\x87\x48\x1b\x9b\x95\xb6\x99\x0e\xcf\xb9\x6d\
\x97\xf9\xbc\x3a\xb7\xfc\x1c\xb4\xb7\xc2\x63\xb9\x2c\xdb\xc2\xb1\
\xed\xf7\xfa\xe2\x1b\xd6\x6f\x70\xc6\xaa\xd7\xdf\xe8\x90\x33\x64\
\xc8\xe0\xf9\xf3\xe7\x5f\x86\xfb\xa3\xe6\x23\x6e\xc8\xab\xfb\x91\
\x47\x1e\xb9\x34\x27\x27\x67\xe8\x9b\x6f\xbe\xd9\x0d\x4b\x14\x67\
\x43\xa4\xe3\x20\xe6\x76\x7c\x7c\xbc\x11\x70\xc4\xa9\x9a\x01\xa1\
\xb0\x73\x46\x84\xe7\x10\xcf\x9c\xb7\x6a\xf9\x43\x5b\xb4\xcb\xe7\
\x83\x65\x89\xb4\x2d\x96\x1b\x8f\x79\xcd\x72\xa1\x8f\x85\xe0\xb3\
\xfc\xe6\xbf\x00\xba\x62\xdc\xfe\x0a\xaf\xa7\xa4\xac\xa2\xfc\x93\
\x94\xb4\x94\x09\x19\x59\x7d\x47\x4c\x9a\x34\x69\x35\x9f\xc1\x5a\
\xba\xa2\xdb\x45\xc0\x71\x02\x2e\xc7\x53\x50\x02\x22\x10\x00\x02\
\x68\x84\xbd\x98\xea\xfc\x7a\xcc\x98\x31\x79\xd7\x5e\x7b\xed\x83\
\x68\x98\xe7\x61\x84\xfe\x2d\x4c\x7b\xd8\x50\xb3\x71\xa6\x08\xf0\
\xe3\x6d\x98\x26\xb5\xaa\x1a\x6c\x44\x38\xd4\x2f\x6c\x1e\xea\x52\
\xc0\xce\x63\x1d\xdd\x85\x19\x85\xd4\xd2\xd2\xb2\xdb\x16\x2e\x78\
\x74\x51\xa7\x0e\x1d\xfa\x41\xdc\x28\xec\xf1\x01\x4b\x24\xc4\x0c\
\xa1\x2c\xe2\xfe\xfe\xf7\xbf\x5f\xdc\xa9\x53\xa7\xa1\x4f\x3d\xf5\
\xd4\xd2\x5d\xbb\x76\xb5\x85\x98\xa7\xa1\xcc\x5c\xec\x08\xb1\x7c\
\xc8\x9e\xe5\x16\x0c\xd7\x39\x7b\xc2\x8e\x02\x9f\x0d\xce\x00\x30\
\x5d\xf8\x62\x66\x59\xb8\xa5\x0f\xf0\x99\xc7\x15\xc5\xc5\xc5\x1b\
\xe1\xe3\xc4\x6b\xae\xb9\xe6\x5e\x8c\xc8\x27\xb4\x6e\xdd\x7a\x13\
\x7c\xf5\x32\x8e\x82\x08\x84\x3a\x81\xc8\x14\xf4\x50\xa7\x2e\xff\
\x6a\x4c\xa0\x59\xb3\x66\x65\x83\x07\x0f\xfe\x20\x3b\x3b\x7b\xf8\
\x79\xe7\x9d\x37\x00\xe3\xab\xd7\x21\xec\xbb\xd1\x08\xfb\x28\xe8\
\x68\x90\xcd\x1a\x3b\x05\xbd\xb2\xb1\x3e\x58\x62\x68\xa4\x0f\x76\
\x3a\xe0\xe7\xd2\xd2\xd2\xcc\x48\x13\xfe\xc4\xa4\xa7\xa7\x9f\xfa\
\xe5\x97\x1b\x33\x73\x86\x0c\x9d\x3a\x62\xd8\xb0\xdb\x37\x6c\xd8\
\x90\x1a\xf0\x04\xeb\xd8\xe0\xc6\x8d\x1b\xd3\x06\x0d\x1a\x74\xe7\
\xf8\xf1\xe3\xa7\x7e\xfe\xf9\xe7\x3d\x21\x94\x27\xa7\xa4\xa4\xc4\
\xb0\x6c\x28\xaa\x74\x0f\x65\x65\x5e\x26\xa4\xc0\xf2\xd8\xc9\x80\
\x79\x7d\x0b\x9d\x09\xb3\x4c\x52\x5a\x5a\x6a\x9e\x0d\xa6\x87\xf2\
\x30\x33\x04\x9c\x29\x80\x5f\x5c\xc2\xd9\x89\x67\xe7\x95\x53\x4f\
\x3d\x15\xab\x03\x03\xc7\x41\xcc\xbf\x68\xd1\xa2\x45\x05\xe3\x2a\
\x88\x40\xb8\x10\x90\xa0\x87\x4b\x49\xc9\xcf\x2a\x02\x10\x63\xff\
\x9f\xff\xfc\xe7\x6d\x33\x67\xce\x7c\xe2\xe6\x3f\xb7\x69\x77\xe2\
\xc9\x27\x0d\x2d\x29\x2d\xf9\x00\x0d\x72\x09\xa6\x57\xcd\x67\xd7\
\xd9\x60\x53\x44\xaa\x6e\x3a\x60\x07\x42\x63\x31\x1c\x70\x3a\xe0\
\x87\xe8\x6c\x98\xd9\x02\x8e\x0a\xcb\xca\xca\x6c\x88\x4b\x3d\x24\
\x72\xd1\xeb\x6f\xbc\x31\x7a\x60\xff\xfe\x39\xcb\x96\x2d\xfb\xf5\
\x96\x2d\x5b\xc2\xfe\x2b\x64\xc1\x32\x69\xd1\xa2\x45\xbf\xc9\xcc\
\xcc\x1c\x89\x19\x88\xb1\xe5\xe5\xe5\xbf\xc3\xcc\x44\x1a\x05\x73\
\x6f\xde\x0d\x07\x8a\x38\xca\xcf\x88\x29\xee\x01\x0a\x67\x7f\x21\
\xd6\xe6\xa5\x45\x76\x22\xe8\x0b\xd3\xc7\x33\x62\x12\xc5\xd6\x8f\
\xd1\x7b\x31\x0e\x56\xe1\x59\xe9\xff\x20\x7e\x16\x2c\x58\xb0\xa2\
\x55\xab\x56\xf9\xf0\x51\x2f\xbd\x01\x8c\x7e\xc3\x8b\x80\x04\xfd\
\xe8\xcb\x4b\x77\x84\x08\x01\x34\xba\xbe\x2e\x7d\xbb\x6c\x83\x88\
\xcc\xfb\x43\xcb\x96\x3d\x2a\x2a\xca\x17\x55\x54\x54\x7c\x03\x31\
\xf7\x42\xdc\x0f\xd9\x20\x53\x48\x2a\x83\xd3\x59\xa1\x88\xc0\x27\
\x33\x42\xa4\x98\x50\xdc\x78\x2e\x29\x31\xa9\x71\x7e\xfe\x9e\x4e\
\xe8\x94\x4c\xc7\x32\x42\xb7\xb7\xdf\x7e\xfb\x24\xf8\xe4\x76\xda\
\x9f\x40\xdb\x87\xcf\xb1\x98\x5e\x3f\xe3\x81\x07\x1e\xc8\x7e\xf4\
\xd1\x47\xe7\x40\xc8\x1f\x82\x90\x1f\x8b\x8e\x8b\x79\x4b\x1d\x82\
\x69\x5e\x16\xe4\x48\x99\x69\xa3\x53\x63\x84\x9d\x0c\xc8\x85\xe7\
\x9c\x0c\x10\x6d\x4e\xa5\x9b\x75\x73\xce\xd8\x30\x7d\xa4\x5b\xf9\
\x95\xad\x9b\xb1\x3f\xf7\xf2\xcb\x2f\xcf\x40\x39\x2c\x69\xd7\xae\
\xdd\x36\x3e\x53\x4e\xfa\x23\xdb\x22\xe0\x24\x01\x09\xba\x93\x74\
\x65\x3b\x28\x04\x30\x35\x5a\x3c\x62\xc4\x88\x8f\x07\xf5\x1a\x32\
\xe8\x84\x93\x4e\xcc\xc8\xdf\x9d\xff\x77\x8c\xb8\x76\x42\x34\x0e\
\x29\xea\x41\x71\x0c\x89\x50\x50\xd0\xc1\x30\x5f\x94\x42\x71\xe3\
\x48\x91\xc2\x52\x51\x51\x61\x43\xe4\x92\x21\x7c\x57\xac\x5f\xbf\
\x7e\x30\xfc\x9f\x82\x69\xea\x6b\xb7\x6f\xdf\x9e\x0a\x91\xc4\x4a\
\x02\x6e\x0e\xe1\x5f\xfa\x88\x99\x85\x7a\x63\xc7\x8e\xbd\x65\xda\
\xb4\x69\x33\xbf\xf9\xe6\x9b\x0c\x30\xbf\x18\x79\x4b\x44\x1e\xed\
\xa2\xa2\x22\x23\xdc\xfc\x68\x21\xf2\x69\xf6\x71\x8f\x99\x6a\xe7\
\x96\x5c\x82\x91\x3d\xb2\x47\x27\xc3\x8c\xd2\x21\xd6\x14\x77\xbf\
\x6d\x5b\x3f\x27\xc4\x27\xfc\xb5\x51\xc3\x63\x7a\xa2\x33\x35\x0c\
\xec\xd7\xf1\x6b\x88\x83\xe1\x8f\xd2\x10\x01\x27\x09\x48\xd0\x9d\
\xa4\x5b\x13\xdb\xba\xa7\xc6\x04\xae\x6e\x73\xf5\x8e\xc5\x8b\x17\
\xaf\xbc\xf3\x9e\xbb\xba\xc4\xc6\xc6\x8d\xce\xcf\xcf\xff\x14\xe2\
\x51\x84\xc0\xdf\xaa\x29\x76\xdb\xb6\xcd\x88\x8d\x8d\x7d\x8d\x13\
\xab\xe6\x8d\x05\x05\x05\x66\x0d\x97\xc2\xc6\xf4\x20\xe0\x16\x47\
\xea\x70\xc8\x88\x1c\xc5\x0f\x23\xda\x34\xdb\xb6\x6f\x58\xb1\x62\
\xc5\xa4\x4e\x9d\x3a\x8d\x7f\xf6\xd9\x67\xaf\xc2\xf5\x90\x9d\x86\
\x87\x6f\x89\x4f\x3d\xf5\x54\x4b\xcc\x8c\x4c\x7a\xe1\x85\x17\xf8\
\x99\xf2\xdf\x43\xa0\x93\x88\x84\x79\xc4\x75\x93\x67\xee\x73\x44\
\xcc\x8e\x0c\xb7\x88\x63\xce\x33\x1e\x45\x96\x5b\xa7\x03\xd3\x66\
\x1a\xe0\xce\xa5\x98\x12\x74\x34\xfe\x19\x1f\x97\x98\x73\xfd\x4d\
\x37\xf4\x5a\xfe\xf4\xf2\x57\xae\xbc\xf2\xca\x5d\xbc\xae\x20\x02\
\x91\x40\x40\x82\x1e\x09\xa5\xa8\x3c\x54\x11\x80\x30\x7a\xba\x77\
\xef\xbe\x65\xd2\x94\x49\x33\x2e\xbd\xb8\xc5\x83\x5e\xaf\x6f\xa1\
\xdf\xe7\xff\x19\x22\xe3\xab\x8c\x84\x38\x46\xd0\xb9\xad\x3c\xe7\
\xd4\x96\xe2\x4d\x51\xc1\xc8\xd5\x24\x41\x81\xa7\x98\x61\xf6\xc0\
\xbc\x2c\x87\x51\x2d\x3b\x1a\x36\x46\xec\xb1\xe9\xe9\xe9\xcd\xb0\
\xe6\x7e\xff\x84\x09\x13\xa6\xf4\xe8\xd1\xe3\xbe\x35\x6b\xd6\x34\
\x32\x37\x85\xd0\x9f\xb5\x6b\xd7\x1e\x93\x91\x91\x71\xcf\x8c\x19\
\x33\xa6\x40\x1c\xef\x4e\x4b\x4b\x3b\x05\xbe\xc7\x50\xac\x29\xe0\
\xcc\x27\x58\x9b\x91\x38\x3a\x2b\xc6\x73\x88\xa9\x59\x72\xe0\x35\
\x06\x2e\x3b\x30\x0e\xdf\x76\x37\x11\x1c\xfc\xc3\x34\xd0\x99\xf2\
\xa1\x0c\x7e\xda\xb3\xa7\xe0\xf1\xdf\x5e\xfa\xbb\x5e\x99\xfd\x32\
\x17\x3c\xfc\xf0\xc3\xfc\xef\x7e\x7a\x7b\xdd\x41\xf6\x32\x1d\x7c\
\x02\xae\xe0\x27\xa9\x14\xeb\x90\x40\xd4\x24\xcd\xb7\xe1\xc7\x4c\
\x98\xf0\xe9\x43\x1d\x1f\x1a\xfd\xab\xc6\xc7\x0d\x2f\x29\x2b\x5d\
\x1b\x1b\x1f\x57\x62\xb9\x6c\x7f\x69\x79\x99\xf9\xcc\xb1\xc7\xe7\
\x35\xeb\xbb\x14\x23\x8a\x3b\x45\x86\xfb\x84\x44\xe1\xa1\x40\x71\
\x3f\x10\x81\xb6\x69\x8f\x02\xce\xb4\x2a\x45\x8d\x5b\x0a\x1f\xd3\
\xe5\x3e\xe2\xc5\x41\x00\xcf\xdb\xb0\x61\xc3\xf0\xec\xec\xec\x51\
\x98\xce\xfe\x03\xa6\xe4\x53\x70\xde\x0e\x84\x1f\x35\xb1\xc1\xb4\
\x37\x6f\xde\x9c\x3e\x7d\xfa\xf4\x56\x43\x86\x0c\x19\xfb\xf1\xc7\
\x1f\x8f\x4c\x4c\x4c\x3c\x07\x8c\x62\x7d\x1e\xaf\x15\xe3\xc2\xd2\
\xbf\xcf\x6f\x59\x08\xdc\x77\x59\xb6\xc5\xcf\xe4\x73\xcb\xc0\xcf\
\xe6\xf3\x9a\xdb\xc6\x11\xa2\x71\xcb\x60\xce\x1f\xc1\x21\x32\x23\
\x2f\x32\x82\x1f\xff\xf3\x9d\x03\xae\x18\xb7\x55\xe1\xf5\x58\x7e\
\xdb\xb2\x6c\xb7\xcb\x94\x2b\xca\xd8\xec\xe3\xd8\x87\x90\xbf\x63\
\xd7\xce\xbf\x1f\x7b\xdc\xaf\xb2\x33\xfa\x66\x0c\x1e\x37\x6e\xdc\
\xdb\xfc\x7a\x61\x4b\x3f\x22\x10\x81\x04\x5c\x11\x98\x27\x65\x49\
\x04\x0c\x01\xdb\xb6\xfd\x77\xde\x79\xe7\xd6\xa1\x43\x87\xce\xbd\
\xe5\x96\x5b\xb2\x31\x3a\x5e\x56\x5a\x5a\xfa\x1f\x8c\x2a\x3d\x26\
\x02\xfe\x40\x98\xcc\x68\x12\xa3\x4c\x0b\xf1\x39\x5a\x36\x5b\xb7\
\xdb\x6d\xd6\x5d\x11\xc5\xf1\x5f\xa6\xcb\xb0\x4f\x42\xac\x97\xc7\
\xe2\x5c\x3b\x4c\x6d\xcf\xca\xcd\xcd\xed\xf7\xe2\x8b\x2f\x36\xdf\
\xe7\x7a\x50\x77\xb1\x04\x70\x16\x84\x3c\xfb\xc9\x27\x9f\x9c\x81\
\xa9\xf3\xbb\x30\xeb\x70\x2c\x3a\x1f\x2e\x76\x4e\x9c\x76\x04\xe9\
\x58\x2e\x97\xcb\xe2\x3a\x3c\x45\x1d\xe9\x5b\xdc\x32\x6d\x9e\xe3\
\x6c\x47\x4a\x4a\x8a\x39\xc7\x7d\x30\x33\xfb\xb8\xcf\x53\x5c\x5c\
\xfc\x35\xe2\xcf\xb8\xed\xb6\xdb\xfa\x62\x56\x61\x59\xeb\xd6\xad\
\xb7\xe2\xba\x46\xe5\x96\x7e\x22\x95\x00\x1b\x8e\x48\xcd\x9b\xf2\
\x15\x6c\x02\x21\x9a\x1e\x47\xeb\x7d\xfa\xf4\x59\x05\x61\xcc\x3a\
\xe3\x8c\x33\x7a\xfc\xf4\xd3\x4f\xaf\x40\x14\x76\x40\x14\xbc\x98\
\x36\xb6\x28\xde\x14\x76\x0a\x07\x85\x1d\x62\x60\x44\x84\xd3\xe2\
\xc1\xcc\x12\xc4\xc6\x74\x26\xf6\xd9\x26\xc0\xb7\x33\xbf\xfd\xf6\
\xdb\xde\x9c\x86\xcf\xca\xca\xfa\xd3\xfa\xf5\xeb\x1b\x60\xa4\x8a\
\xf1\xa8\xb3\x9e\x31\x8d\x4f\x3e\xf9\xa4\x1e\xb8\xfd\x69\xee\xdc\
\xb9\xd3\xe0\xc3\xc3\xe9\xe9\xe9\xa7\x63\x0a\x3b\x1e\x23\x73\x93\
\x38\x59\x99\x1d\x07\xff\xb0\x4c\x98\x1e\xca\xcb\x94\x13\x8f\xc9\
\x87\xc7\x14\x70\x1e\xa3\x93\x66\xde\x4b\x40\x79\x92\x9f\x17\xf1\
\xb7\xc1\xff\x67\x2f\xb8\xe0\x82\xee\x23\x46\x8c\xc8\xed\xd9\xb3\
\xe7\xbf\x5a\xe8\x33\xe5\x0e\x96\x92\x4c\x87\x0a\x01\x09\x7a\xa8\
\x94\x84\xfc\x70\x94\x00\x44\xc0\x77\xd9\x65\x97\xed\x7c\xe4\x91\
\x47\x5e\x40\x03\x9f\x09\xb1\x9e\x88\x11\xfb\x3a\x88\x40\x19\xc5\
\x81\xa2\xc0\x2d\x04\xcb\x08\x07\x45\x9d\xc1\x51\xa7\xaa\x61\x3c\
\x35\x35\xd5\x86\x4f\xc9\x10\xf6\x2b\x3f\xfc\xf0\xc3\x69\x03\x07\
\x0e\xcc\x59\xb8\x70\x61\x0b\x08\x56\x6c\x35\x6e\xaf\x51\x14\xda\
\x66\x1a\xc3\x87\x0f\x1f\x89\xe9\xf5\x99\xe0\x70\x15\x38\xa5\x80\
\x97\x8d\x7d\xb3\x1e\x4e\xc3\x38\xc7\x8d\xa3\x81\x82\xcd\x72\x81\
\x4f\x66\x94\xce\x51\x79\xe5\x31\x98\x98\xb4\xe9\xc7\x9e\x3d\x7b\
\xb8\x7c\xc2\xb2\xdc\x88\x8e\xc7\xf4\xbb\xee\xba\x2b\x7b\xca\x94\
\x29\xaf\x5e\x71\xc5\x15\x05\x28\x7b\x4c\xf4\x9b\xa8\xfa\x23\x02\
\x11\x4d\x40\x82\x1e\xd1\xc5\x1b\x51\x99\x0b\x48\x66\xd0\xb8\x97\
\xa3\xb1\xdf\x90\x97\x97\x37\x1e\x8d\xfd\xdd\x3e\x9f\x77\x9e\xcb\
\xb6\xbf\x82\x38\xf0\x5b\xc1\xa0\x1b\x7e\x8e\xf2\xcc\x08\x3d\x20\
\x09\xd6\xd0\x08\xfc\x34\x7e\x50\xa8\xe0\x9b\x85\x0e\x48\x2c\x96\
\x0a\xce\x82\xa8\x76\x7a\xe4\x91\x47\x1e\xed\xda\xb5\x6b\x9f\x55\
\xab\x56\x9d\x00\x87\x03\x26\xec\xb0\x15\xf7\xf6\xdb\x6f\x9f\x7a\
\xff\xfd\xf7\x67\xcd\x9f\x3f\x7f\xd1\xf6\xed\xdb\x3b\x61\xe6\xa2\
\x19\x46\xbc\xb1\xc9\xc9\xc9\x16\xff\xa3\x1c\xa6\xb0\xcd\xe7\xcb\
\x29\xa2\x1c\x21\xd7\x30\x7b\xd5\xbe\x8d\xe2\xcd\xfc\x53\xd8\xd9\
\x99\x80\x2f\x66\x59\x84\xc7\x60\x62\x3a\x5f\x98\x29\xf0\xc0\xcf\
\x2f\x71\x7d\xce\x45\x17\x5d\x74\xcf\xcc\x99\x33\x27\xb4\x6f\xdf\
\xfe\x2b\x30\xac\x5a\x5a\xa9\x76\x82\x8a\x28\x02\x61\x4c\x40\x82\
\x1e\xc6\x85\x27\xd7\x6b\x4e\x80\xff\x6c\x63\xcc\x98\x31\x1b\x86\
\xf6\x1b\x36\xfa\x84\x13\x4e\x1a\x54\x5c\x54\xb4\x0a\x82\xb6\xbb\
\xa4\xa4\xc4\x0f\x61\x30\x1f\xaf\x0a\x86\x60\x1d\x29\x07\x1c\x91\
\x62\x84\x6e\x3e\xc7\xbe\x7b\xf7\x6e\x1b\xeb\xd7\x71\xf5\xeb\xd7\
\x3f\x1b\x53\xef\x59\x98\x4e\xce\x1b\x37\x6e\xdc\xcd\xd8\x4f\x39\
\x92\x9d\x23\x5d\xaf\xfc\xca\xd6\xa1\x43\x87\x4e\xf8\xfe\xfb\xef\
\xfb\x42\x20\xcf\x6c\xd0\xa0\x41\x0c\x44\xd1\xa6\xa0\xb2\x63\x51\
\x58\x58\x68\x51\xd8\x29\xa4\x14\x76\x6e\x8f\x64\xb7\xb6\xd7\x59\
\x16\x64\x80\xb2\x31\xef\x34\x50\xc8\xc9\x83\xc2\x8e\xce\x0d\xd7\
\xcb\xcb\xe0\xd7\x47\xbf\xfa\xd5\xaf\x06\x0e\x1b\x36\x6c\x24\x96\
\x55\x3e\x6e\xdc\xb8\x71\x71\x6d\xd3\xd5\xfd\x22\x10\x8e\x04\x24\
\xe8\xe1\x58\x6a\xf2\x39\x60\x04\xae\xb8\xe6\x8a\xad\xf3\x1e\x9d\
\xf7\xf8\x03\x0f\x3d\x78\x4f\x7c\x62\x42\x4f\x08\xd8\xc7\x08\x45\
\x14\x0b\x88\x5a\xc0\xd2\x39\x94\x21\xbe\x0d\x7e\xb0\x60\xf9\xfc\
\xe6\xad\xf1\xb8\x98\x58\xab\xa8\xa0\xd0\xbc\x35\x9e\x92\x94\x6c\
\x79\xca\x2b\xac\xd2\xe2\x12\x17\xce\x37\x48\x8c\x4f\xb8\xe3\xa5\
\x97\x5e\x9a\x39\x78\xf0\xe0\xbc\x27\x9e\x78\xe2\x5c\x88\xde\x51\
\x8f\xd6\xfd\x1b\x37\xc6\x3f\xb1\x64\xc9\x85\x03\xb2\xb3\xa7\xbf\
\xfd\xe6\x5b\x93\x5d\x96\x7d\xb3\xdb\x76\xa5\xc7\xb8\xdc\xae\x82\
\xfc\x3d\x96\xdf\xeb\xb3\xe8\x0b\xd3\x46\x9a\x56\xe1\x9e\x02\xab\
\xbc\xb4\xcc\x8a\x8f\x8d\x33\xbe\x58\x41\xf8\x41\xbe\x38\x9d\x6e\
\x66\x2c\x38\x33\xc0\x51\x3b\x84\xbe\x0c\xe5\xb3\x09\x9d\x8d\x09\
\xf7\xdd\x77\x5f\xfb\xc5\x8b\x17\x3f\x7d\xd5\x55\x57\x6d\x0f\x82\
\x3b\x4a\x42\x04\x42\x96\x80\x2b\x64\x3d\x93\x63\x22\x10\x44\x02\
\x98\xa2\xdd\x3e\x71\xe2\xc4\x27\x7f\x7b\xf1\xef\xfa\xf9\x3c\xde\
\x27\x20\x14\xff\x81\x68\x38\x3e\x65\x4b\xb1\xaa\x0c\x07\xcb\x2e\
\x7c\x30\x6b\xc7\xf0\xc7\x4c\x35\xa3\xb3\x51\xf5\x02\x18\x46\xc9\
\x5c\x5f\x6f\x88\xd1\x73\xbb\x59\xb3\x66\x4d\xec\xd1\xa3\x47\x6b\
\x7e\x4e\x1c\xf6\x8e\xf8\xd2\x1c\xe2\xb8\x56\xaf\x5e\x7d\x5c\xcf\
\xc9\x93\xef\x7d\x74\xf1\x92\x69\xdb\xb6\x6d\xbf\x0d\xeb\xf5\xe9\
\x14\x4c\xa6\xc9\x80\xd9\x80\xaa\x34\x31\xad\x6d\xbe\x7f\x9d\xe7\
\x20\xa4\xe6\x3c\x85\xf5\x60\x3e\x07\xf2\x1c\xfc\x34\xe6\x98\xff\
\xb8\xb8\x38\x0b\x69\xfa\xd0\xd9\xda\x1d\x17\x17\xfb\xb7\x73\xce\
\x6d\xde\x1f\xd3\xeb\xe3\x3a\x76\xec\xf8\x85\x89\xa4\x3f\x22\x10\
\xe5\x04\x24\xe8\x51\xfe\x00\x28\xfb\xbf\x10\xe0\xdb\xf0\xb9\xe3\
\x73\xdf\xe8\xdd\x37\xa3\xcf\x31\xbf\x3a\xb6\x6b\x51\x49\xf1\xdf\
\xfd\xb6\x55\x50\xe1\xf5\xf8\x6c\xb7\xcb\xe2\x67\x9e\xcd\x67\xd7\
\xfd\x3e\x8b\xc7\xdc\xb7\x6d\xdb\x8c\x1e\x29\x3c\x2e\x97\xcb\x8c\
\x22\xb9\x4f\xab\xb6\x5d\xa5\xab\x3c\x3c\x68\xb0\x6d\xdb\xdc\x63\
\xdb\xf6\x41\xaf\xef\x7b\x92\x76\x19\x28\xb6\x10\x36\xb3\x7e\x1c\
\xeb\x8e\xb1\x31\x8a\x4e\xc6\x68\xfd\x4f\x9f\xfd\xf3\x5f\xb3\xfb\
\xf5\xed\x3b\x7f\xd2\xf8\x49\xb7\x6f\xd9\xb2\x85\xff\x04\x66\xdf\
\xdb\xab\xf6\xbf\xf9\xe6\x9b\xfa\x53\x27\x4d\xbd\x77\x60\xff\xfe\
\x8f\x6d\xf8\xe2\x8b\x89\xb0\x79\x29\x84\x3a\xc1\xe3\xf1\xd8\xb4\
\xcb\x29\x6e\xdb\xb6\x29\x9e\xe6\x1e\xdb\xb6\xab\x7c\x44\x5c\x23\
\xec\x8c\x47\x91\x35\x11\x6a\xf1\x27\x26\x2e\xd6\x7c\x8e\xdc\x67\
\xf9\x2d\x57\x8c\xdb\xf2\x82\x2d\x3f\x47\xce\xf3\x3c\x87\x59\x13\
\xab\xac\xa2\xdc\xc2\xbe\x1f\xdb\xc2\xfc\x82\x3d\xef\x36\x3d\xed\
\xd4\x41\x5d\xba\x75\xeb\x32\x61\xc2\x84\xa7\x9b\x36\x6d\xba\xdb\
\xb6\x39\xc7\x51\x0b\x27\x74\xab\x08\x44\x08\x01\x57\x84\xe4\x43\
\xd9\x10\x81\x80\x11\xb8\xfe\xfa\xeb\xf7\x2c\x59\xb2\xe4\xc5\xbb\
\xef\xbe\x7b\x00\xc4\x6d\x36\xd6\x8a\xbf\xc0\xda\x7a\x29\x82\x9f\
\xa3\x53\x1c\x1b\x51\xdb\x3b\x62\x34\x6f\x7d\x53\xdc\x28\x72\x14\
\x3c\xee\x43\x64\x4c\x9c\x80\x39\x75\x08\x43\x58\x3f\x36\xe9\x43\
\xe4\x5d\x10\xe5\x86\xb1\xb1\x71\x7f\x7e\xfa\x99\xa7\x72\x07\x0f\
\x1c\xd8\xe7\xe9\xa7\x9f\xfe\x8d\x7f\xeb\xd6\x24\xf8\x64\x33\xec\
\xdc\xb9\x33\xfd\xa5\x95\x2b\x2f\x1e\x32\x68\x50\xc6\xb2\xc7\x1f\
\x1b\x19\x13\x13\x7b\x95\x65\xd9\xa9\xf0\xd5\xb6\xea\xe8\x07\x4c\
\x2d\x72\x64\x67\x88\xb3\x00\xf0\xc5\x74\x90\x30\xfb\x60\x3a\x2c\
\xf9\xf9\xf9\xfe\xa4\xa4\x24\x0f\xf2\xf7\x25\x66\x0f\x66\xdc\x75\
\xd7\x5d\x19\xa3\x47\x8f\x5e\xd0\xba\x75\xeb\x9f\xea\xc8\x65\x25\
\x2b\x02\x21\x4b\x40\x82\x1e\xb2\x45\x23\xc7\xea\x92\x00\x84\xa5\
\xa2\x4b\x97\x2e\x9f\xf4\xed\xdb\x77\xc8\xe9\xa7\x9f\xde\x03\x82\
\xb8\x08\xc2\xf2\x13\x44\xc7\x7c\x76\x1d\xd7\xcd\x4b\x5a\xdc\x56\
\x0a\x38\x05\x1d\xc2\x63\x04\x89\xbe\x53\xf8\xb9\x75\x32\xc4\xc4\
\xc4\x58\x49\x49\x49\xe6\xad\x7c\x8a\x3b\xfc\x8c\x4b\x4f\x4f\x3f\
\xf9\xbb\xef\xbe\xef\x3b\x6b\xc6\xcc\xc7\x07\x4c\x99\xd2\x7f\xdd\
\x9a\x75\x17\x7c\xf6\xd9\x67\xe7\x8d\xcf\xcb\x1b\x3d\x76\xfc\x84\
\x27\xbf\xfd\xf6\xbb\xcc\x06\x0d\x1a\x9c\x00\xdf\xf9\xd2\x9b\x93\
\xee\x1d\xd1\x36\x19\x91\x19\xd9\x41\xb0\x4d\xe7\x84\x3c\x19\x70\
\xb3\x2f\x25\x25\x65\xf7\xae\x5d\xbb\x5e\xf8\xf5\xaf\x7f\x9d\x31\
\x7d\xfa\xf4\xa1\xdd\xba\x75\xfb\x48\xff\x48\x05\x64\xf4\x2b\x02\
\x07\x21\x20\x41\x3f\x08\x14\x9d\x12\x81\x4a\x02\xfc\x9a\xd0\xa9\
\x53\xa7\xae\xea\xd5\xab\xd7\x10\x88\x4f\x76\x71\x71\xf1\x9b\x18\
\xa5\xe7\x43\x7c\x7c\x38\x36\xdf\x32\xc7\x51\x26\xdf\x88\xe7\x28\
\x93\xe7\x20\x94\x66\x74\x4e\x91\xaa\xb4\xe3\xd4\x96\x82\xbe\x7d\
\xfb\x76\x33\x25\x7e\xec\xb1\xc7\x9a\xce\x04\x47\xb7\xe8\x7c\x24\
\xe0\xda\x19\xef\xbc\xf3\x6e\xaf\x11\xa3\x86\x2d\xe8\xdf\x2f\x7b\
\xc1\x3f\xfe\xf1\xe6\xfd\xf0\xf1\x64\xac\x95\xc7\xd3\x1f\xfa\xcd\
\x6d\x5d\x06\x8a\x39\x79\xd1\x07\x4c\xf9\x1b\x9e\x38\xe7\x07\xcf\
\x62\xf8\xb7\x1a\x3c\xc7\x66\x64\x64\xf4\x9d\x34\x69\xd2\xab\x5c\
\x12\x61\x3c\x05\x11\x10\x81\x83\x13\x90\xa0\x1f\x9c\x8b\xce\x8a\
\x40\x15\x01\x08\x8e\xb7\x4d\x9b\x36\xdb\x56\xac\x58\xf1\xd8\x9f\
\xfe\xf4\xa7\x2e\x10\x9e\x99\xa5\xa5\xa5\x5f\x62\x44\x5c\x86\x11\
\xa4\x79\x49\x6d\xef\x88\xb2\x6a\xdd\x19\xc2\x59\xb5\x5f\x65\xc8\
\x81\x1d\xf8\x66\x41\xbc\x8d\x90\x63\x24\x6b\xb6\x3c\xa6\x3f\x98\
\x4d\xe0\x4b\x73\x29\x3b\x77\xed\xba\x00\x02\x79\x11\x46\xe5\x49\
\x98\x96\xb7\x29\xf8\xec\x6c\xa0\x53\x52\x1d\x8f\x1c\x8d\x83\x19\
\x05\x33\x2a\x87\x88\x1b\xdf\xd1\x09\xf1\x82\xed\x77\x69\x69\x69\
\xf3\xaf\xbd\xf6\xda\xae\xe3\xc7\x8f\x9f\x7c\xcb\x2d\xb7\x6c\x46\
\x3e\xf9\x3d\x01\x8e\xfa\x22\xe3\x22\x10\xee\x04\x24\xe8\xe1\x5e\
\x82\xf2\x3f\x68\x04\x20\x2a\x9e\xa1\x43\x87\x6e\xcc\xca\xca\x1a\
\x7b\xc6\x19\x67\xdc\x07\x51\x5c\x53\x5c\xe2\xac\x00\x00\x10\x00\
\x49\x44\x41\x54\x98\x9f\xbf\xfb\x1b\x8c\x24\xbd\x14\x50\x06\x08\
\xa7\x11\x26\xee\x23\xbe\xe3\xbe\xc1\x07\x33\xdd\x4e\x71\xc6\x68\
\xd6\xbc\x11\x0f\x41\x34\x9f\x5b\xe7\xda\x34\x3b\x1c\xf4\x85\xf1\
\x28\xe4\x45\x45\x45\xa6\xa3\x01\xe1\x34\x5b\xc7\x1d\xac\x46\x02\
\x05\x05\x05\x16\x66\x3d\x38\xe3\xb1\x03\x9d\xa4\x55\xe7\x9e\x7b\
\x6e\x1f\xcc\x88\x0c\xcf\xce\xce\xfe\x54\xa3\xf2\x6a\x00\x54\x14\
\x11\xd8\x4b\x40\x82\xbe\x17\x84\x36\x22\x50\x1d\x02\x10\x69\x7f\
\xab\x56\xad\xf2\x67\xcf\x9e\xbd\xba\x4f\x9f\x3e\x43\x8e\x6b\xdc\
\x78\x08\xee\xfb\x14\xa2\x5e\xc4\x51\x39\x85\x95\x5b\x9c\x33\xd3\
\xee\xdc\x3a\x19\x28\xd4\xec\x44\x60\xd6\xc0\xe2\x68\x97\x81\x02\
\x4e\xc1\xe6\x39\x8a\x25\xcf\x51\xdc\x29\xf8\x0c\xf4\x87\xf7\xd1\
\x57\xee\x1f\x2a\xf0\xbe\x43\x5d\x0b\xd4\x79\xdb\xb6\xad\xfa\xf5\
\xeb\x97\xa2\xa3\xf1\x6f\xf8\x38\xea\xfe\xfb\xef\x7f\x78\xd6\xac\
\x59\x2b\xb1\xd4\xf1\xb3\xad\xb7\xd7\x03\x85\x59\x76\xa2\x84\x80\
\x04\x3d\x4a\x0a\x5a\xd9\x0c\x3c\x01\x4e\xc3\xf7\xed\xdb\xf7\xf1\
\xab\x2e\xff\x7d\x67\x97\xcb\x3d\x13\x8b\xbe\x1b\x20\x94\x25\x4c\
\x09\x62\x64\xde\xd2\xe6\xbe\x93\x81\xc2\x5d\x29\xd2\x14\x70\x8a\
\x39\xd3\xe6\x3e\x05\x9b\x81\xd7\x79\x8c\x4e\x87\x59\x6b\xe7\x39\
\xf8\x69\x66\x12\x0e\xe5\x5b\x30\xc4\x1c\x69\xf3\xbb\xd7\xb7\xec\
\xdc\xb9\xf3\xd1\x4b\x2f\xbd\xb4\xeb\xe8\xd1\xa3\x67\x3c\xf8\xe0\
\x83\x5f\xc0\x7f\x4d\xaf\x03\x8e\x7e\x45\xe0\x68\x09\x48\xd0\x8f\
\x96\x98\xe2\x8b\xc0\x3e\x04\xf8\x5f\xbc\x86\x8e\x1c\xba\x36\x27\
\x23\x67\xcc\x89\x4d\x1a\xf7\x2b\x2e\x2a\x7a\x11\x97\x77\x43\x10\
\x7d\x2e\x97\xcb\x08\x28\x45\x16\xc7\x66\x04\xcd\x7d\x5c\x3f\xe8\
\xe8\x1d\x42\x66\xe2\xf3\x7a\x75\x43\xa5\x30\xf3\x5e\xda\xe6\x31\
\xd3\xaa\xdc\xa7\x1d\xae\x4f\xf3\x3a\xc5\xbf\xf2\x98\x5b\x9e\xe3\
\xf6\x60\x81\xd7\x18\x0e\x76\x6d\xdf\x73\x8c\xc3\xce\x02\xcf\xed\
\x9b\x26\xd3\xa2\x1f\x64\x50\x79\x9d\xfb\x7b\x7d\xf1\xbb\x5d\xee\
\xdd\xa5\x25\x25\x2f\x34\x69\xd2\x24\xbb\x7f\xff\xfe\x43\x21\xe6\
\xef\x35\x6f\xde\xbc\x9c\x76\x02\x18\x64\x4a\x04\xa2\x8a\x80\x2b\
\xaa\x72\xab\xcc\x8a\x80\x03\x04\x20\x6a\xbe\x2b\x6f\xbc\x72\xd7\
\xc2\x25\x4b\xfe\x7a\x77\xbb\x7b\x7b\xb9\x5d\x31\x43\x8a\x8b\x8b\
\xde\xaa\xa8\xa8\x28\x46\xf0\x53\x64\x29\x76\x14\x34\x8a\x1b\x8f\
\x29\x78\x1c\x39\xef\xeb\x0e\x05\x90\x61\xdf\x73\xa1\xbe\xcf\xbc\
\xf0\x25\x3c\x30\x30\xff\xb4\x85\xf9\xe4\x39\xce\x06\x30\x8f\x5c\
\xb7\xe7\x3a\x3e\xf3\x41\x16\x71\x71\x71\x65\xc5\xc5\x25\xeb\x92\
\x92\x93\x87\xfd\xdf\xed\x6d\x7b\x2e\x5c\xb8\xf0\xe9\xeb\xaf\xbf\
\x7e\x3b\xee\xf7\x32\x8e\x82\x08\x88\x40\xcd\x09\x48\xd0\x6b\xce\
\x4e\x77\x8a\xc0\x7e\x04\x20\x4a\xbe\x2e\x5d\xba\xfc\xf0\xc8\xfc\
\x47\xe6\x5d\xf2\xbb\xdf\x65\xb8\xdc\xae\x79\x10\xf1\x1f\x21\xd2\
\x5e\x8a\x1c\x04\xcd\x8c\xd2\x13\x12\x12\xcc\x74\x3c\xa6\x9a\xf7\
\xbb\x3f\x1c\x0f\x28\xe0\x7c\x09\x8f\x1d\x15\x4e\xe5\xf3\x98\x1d\
\x15\xe6\x91\xa3\x71\x9e\xa3\xa8\x83\x03\x0e\x3d\xdb\x4b\x4a\x8a\
\x9f\xbf\xe4\xe2\x8b\x72\xb2\x07\x64\x3f\xda\xbd\x7b\xf7\xad\x64\
\x16\x8e\xf9\x36\x3e\xeb\x8f\x08\x84\x18\x01\x09\x7a\x88\x15\x88\
\xdc\x09\x7f\x02\xfc\xe2\x93\x71\xe3\xc6\xad\xcd\xc8\xcc\x1c\xd0\
\xa8\x61\x83\xae\x1e\x4f\xc5\xd3\x25\x25\x25\x3f\x42\xdc\xbc\x1c\
\xb5\x62\xdf\xa2\xc0\xd7\xaf\x5f\xdf\x08\x7c\x38\xe7\x98\x79\xa9\
\x14\x70\x8a\x3a\x3b\x2d\x95\x81\xf9\xa2\x90\x23\xaf\xdb\xf6\xe4\
\xe7\xaf\x38\xa1\x49\x93\x87\x33\xfa\xf6\xed\x3c\x6e\xe2\xc4\x95\
\x58\xaa\xc8\xe7\x75\x05\x11\x10\x81\xc0\x11\x90\xa0\x07\x8e\xa5\
\x2c\x89\xc0\x7e\x04\xfe\xfc\xe7\x3f\x17\x65\x64\x65\xbd\x78\x73\
\x9b\x36\xfd\xeb\xd5\xab\x3f\x0a\x23\xd9\x4f\x20\x6e\xa5\x10\x75\
\x33\x0d\x4f\x31\xe4\x0d\x18\xc1\x73\x13\x96\xa1\x5e\xbd\x7a\xd6\
\x9e\x3d\x7b\x2c\xe6\xa5\x72\xea\x1d\x79\xe4\x67\xcb\xfd\x10\xf8\
\xb2\xf2\xb2\xf2\xb5\x5e\xaf\x6f\xd8\xed\x77\xdd\xd9\x7f\xc8\xb0\
\x61\x2b\x6f\xbc\xf1\xc6\x5d\x18\x95\xfb\xc3\x32\xb3\xc1\x75\x5a\
\xa9\x89\xc0\x51\x13\x90\xa0\x1f\x35\x32\xdd\x20\x02\xd5\x27\x80\
\x91\x68\x05\xa6\x96\xb7\xf4\xce\xe8\x3d\xfb\x37\x17\x5d\x78\x7b\
\x49\x49\xe9\x84\xf2\xb2\xb2\x4f\x31\xaa\x2d\x83\xb0\x55\x19\x0a\
\x57\x51\x47\x27\x85\x9f\x21\xa7\x80\x5b\xc5\xc5\xc5\xe6\xeb\x70\
\x31\xed\x5e\x61\xdb\xae\xcd\x10\xf2\xd9\x67\x9f\x7b\x4e\xbb\xb1\
\xe3\xc6\xce\xed\xd1\xa3\xc7\x66\x7d\xa6\xbc\xaa\xb8\xb5\x23\x02\
\x8e\x10\x90\xa0\x3b\x82\x55\x46\x45\x60\x7f\x02\x2d\x5b\xb6\xf4\
\x4c\x9c\x38\xf1\xeb\x87\x7b\x3c\x3c\xae\x7e\xa3\x86\x5d\xb6\x6f\
\xdf\xb6\x04\x53\xf0\xdf\x23\x96\x0f\x21\x6c\x47\xac\x9c\x5e\x47\
\xe7\x84\x5f\xd9\xea\xc7\xf4\xba\xaf\x7e\xbd\xfa\x3f\x16\x15\x15\
\x3f\x19\x97\x10\xd7\xb5\xfd\x43\xed\x47\x4f\x9b\x36\xed\x4b\x76\
\x6a\x90\x47\xfd\x86\x12\x01\xf9\x12\x91\x04\x24\xe8\x11\x59\xac\
\xca\x54\x28\x12\xc0\x88\xdc\xd7\xb6\x6d\xdb\xfc\x67\x9e\x79\xe6\
\xc3\x9b\xdb\xb4\xc9\xf4\x79\x2a\x7a\x62\x64\xfe\x1a\x7c\x0d\xdb\
\xf5\x64\x74\x4a\x38\xdd\xee\x4b\x48\x48\xd8\x51\x5e\x5e\xfe\xca\
\xce\x5d\x3b\x32\xaf\xbb\xe1\xba\xde\xcf\x3e\xfb\xec\x6b\xed\xda\
\xb5\xdb\xc6\x3c\x23\x7f\xfa\x15\x01\x11\x08\x02\x01\x09\x7a\x10\
\x20\x2b\x09\x11\x38\x90\x40\x76\x76\x76\xfe\xc8\xdc\xdc\x17\x4e\
\x6e\x7c\x7c\x6f\xbf\xdf\x1a\x07\x31\xdc\x02\x71\x2f\x47\x3c\x3f\
\xd6\xd8\xcd\x57\xb8\x7a\xbd\xff\xfd\x24\x17\x44\xd1\x62\xc0\x75\
\xf3\x12\x1d\xf7\x19\x78\x8c\xf8\x8e\xfe\x32\x0d\xae\x89\x33\x3d\
\x8c\xc0\x4d\x5a\xdc\x32\x60\x8d\xdc\xef\xb3\xfc\xa5\xae\x18\xf7\
\x3f\x0b\x8b\x8b\x86\x9e\xdd\xfc\x9c\xde\x59\xd9\xd9\x4f\x0f\x18\
\x30\x60\xbb\x89\xa8\x3f\xd1\x4a\x40\xf9\xae\x23\x02\x12\xf4\x3a\
\x02\xaf\x64\x45\x80\x53\xd1\xf3\x96\x2c\xf9\xbc\x43\xa7\x0e\x93\
\x1a\xd4\x4b\x7f\xb0\xc2\x53\xf1\x38\xc4\x93\xdf\x67\xee\x83\xc0\
\x5b\x71\x71\x71\x46\xc8\x49\x8a\xc2\xca\x2d\x03\xf7\x19\xb8\xef\
\x74\xa0\x70\x53\xcc\x39\xb5\xce\x0e\x06\xf7\xcb\xca\xca\xb8\x56\
\xce\x7f\x6d\xba\x03\xfb\x4b\x12\x13\x13\x3b\xdd\x7a\xeb\xad\xf3\
\x67\xcd\x9a\xf5\xc5\xf5\xd7\x5f\x5f\xe6\xb4\x4f\xb2\x2f\x02\x22\
\x70\x70\x02\x12\xf4\x83\x73\xd1\x59\x11\x08\x1a\x01\x4c\xc3\x97\
\x3c\xf3\xfc\xf3\x6f\x5e\x76\xf9\xe5\x03\x3d\x3e\x6f\xbf\xc4\xe4\
\xa4\xf7\x2d\x97\x5d\x58\xe1\xf5\xf8\x30\x02\xb6\xca\x3d\x15\x16\
\xf6\x2d\xdb\xed\xb2\x30\x1a\xb6\x78\x8e\xc1\x1d\x1b\xe3\xb8\x8f\
\x14\x71\x4e\xab\xbb\xdd\x6e\xf3\xed\x76\xe8\x70\xf8\x71\x5c\xec\
\xf7\xf9\x3f\x28\x2c\x28\xca\x6e\xd9\xb2\x65\x0e\xa6\xd7\xd7\xf4\
\xe8\xd1\x43\x42\xee\x78\x69\x28\x01\x43\x40\x7f\x0e\x49\x40\x82\
\x7e\x48\x34\xba\x20\x02\xc1\x23\x60\xdb\xb6\x6f\xd4\xa8\x51\x3f\
\x74\xe9\xd2\x65\x69\x83\x06\x0d\x1e\x2e\x2d\x2d\x9d\x89\xa9\xf7\
\xaf\x11\x2a\xf8\xd2\x19\x44\xd4\x4c\xb7\x73\x64\xee\x72\xb9\xcc\
\x3e\xe2\x38\xee\x20\xd3\x63\x22\x14\x76\x88\xba\x27\x36\x2e\xf6\
\xeb\xb2\x92\xd2\x59\x27\x9f\x7a\x4a\xf7\x4e\x5d\x3b\x2d\xc9\xc9\
\xc9\xd9\x4a\xdf\x19\x47\x41\x04\x44\xa0\x6e\x09\x48\xd0\xeb\x96\
\xbf\x52\x17\x81\xfd\x08\x60\xb4\x5e\xfe\xd8\x63\x8f\xad\xbb\xed\
\xb6\xdb\x46\x41\x4c\xbb\x16\x14\x14\x3c\x03\x31\xdd\x06\x31\x35\
\x0b\xea\x9c\x8a\xf7\x78\x3c\x66\x8d\x3d\x29\x29\x69\xbf\x7b\x03\
\x79\x80\xb4\x4d\xa7\x81\x9d\x09\x74\x1c\x7c\x48\x6b\x37\xe6\xff\
\x57\x96\x97\x94\x3c\xdc\xa6\xed\xff\x0d\x5f\xb0\x60\xc1\x27\xf4\
\x35\x90\x69\xca\x96\x08\x84\x00\x81\xb0\x76\x41\x82\x1e\xd6\xc5\
\x27\xe7\x23\x91\x00\x46\xbc\x7e\x4c\x61\xef\x79\xe9\xa5\x97\x5e\
\xbb\xf0\xc2\x0b\x7b\x61\x2d\x7d\xe8\xae\x5d\xbb\x56\x23\xaf\xa5\
\xfc\x22\x17\x1c\x5b\x10\x59\xbe\x5d\x8e\x53\x81\xff\xa5\x98\x57\
\x5a\x45\x3a\x15\x7e\xcb\xfa\xf7\xee\xdd\xf9\xe3\x9a\x9f\xdb\x3c\
\xa3\x43\x97\x2e\xaf\xd0\x37\xfa\x58\x19\x47\x5b\x11\x10\x81\xd0\
\x20\x20\x41\x0f\x8d\x72\x90\x17\x22\xf0\x3f\x04\x20\x9a\xbe\x29\
\x53\xa6\xfc\x74\xd3\x4d\x37\xcd\x3f\xed\xb4\xd3\xda\x15\x15\x15\
\xcd\xdd\xb9\x73\xe7\x96\x8a\x8a\x0a\x0f\x45\x9d\xe1\x7f\x6e\xaa\
\xe5\x89\x7d\xc4\xdc\x6b\xd9\xd6\xf7\x3e\x9f\x77\xee\x71\xc7\x1f\
\x77\x6f\xf7\x9e\xdd\x27\x4d\x9e\x3c\xf9\x6b\x8c\xca\xbd\xb5\x4c\
\x42\xb7\x8b\x40\xf4\x12\x70\x38\xe7\x12\x74\x87\x01\xcb\xbc\x08\
\xd4\x96\x40\xa7\x4e\x9d\x2a\x96\x2e\x5d\xba\xe9\x86\x1b\x6e\x18\
\x91\x92\x92\x32\x04\x53\xf0\xef\x60\x0a\x7e\x8f\xcf\xe7\xab\xad\
\xe9\x43\xdd\x5f\x62\xf9\xad\xcf\x6c\xcb\x1a\xf5\x7f\x48\x93\x4b\
\x00\x10\xf2\x92\x43\x45\xd6\x79\x11\x10\x81\xd0\x20\x20\x41\x0f\
\x8d\x72\x90\x17\x22\x70\x44\x02\xfc\x7c\xf7\x7d\xf7\xdd\xf7\x78\
\xb3\x66\xcd\xee\xc2\x68\xbd\x0f\x46\xd3\xeb\x63\xe3\xe3\xca\x3d\
\x3e\xaf\xe5\xf5\xfb\x2c\xbe\x05\xef\x87\x0a\x33\x70\x9f\x6f\xc2\
\x5b\x2e\x9c\x40\xe0\x39\x1e\x33\x70\x7f\xdf\x10\x13\x17\x6b\xed\
\x3d\xae\x80\xad\xcf\x0b\x8b\x8b\x72\xce\x3e\xf7\x9c\xdb\x27\x4e\
\x9e\xbc\xa0\x5b\x56\xd6\x8f\xb6\x6d\x63\xd6\xfd\x88\xee\x29\x82\
\x08\x88\x40\xdd\x12\xb0\x24\xe8\x75\x5c\x00\x4a\x5e\x04\x8e\x86\
\x00\x46\xca\xde\x47\x1e\x79\xe4\x3f\xd9\xd9\xd9\x4b\xd3\xd2\xd2\
\xb2\x8a\x8b\x8b\x5f\xc1\x68\xbd\xc0\xe5\x72\xf9\x31\x72\x37\xff\
\xc5\x8d\x5b\xbe\x38\xc7\x37\xe3\x31\x3d\x6f\xce\x41\x94\xf7\x4b\
\x06\x9d\x01\x8b\xf1\x38\xca\x87\x0d\x1c\xfa\x4b\x70\xcf\xdb\x8d\
\x1a\x35\xea\xd7\xb9\x73\xe7\x19\x98\x5e\xff\xb2\x79\xf3\xe6\xfc\
\xa2\x9b\xfd\xee\xd3\x81\x08\x88\x40\xe8\x12\x90\xa0\x87\x6e\xd9\
\xc8\x33\x11\x38\x24\x01\x7e\x81\xcb\xd3\x4f\x3f\xfd\xf2\x6f\x7f\
\xfb\xdb\x07\xe2\xe3\xe3\xbb\x95\x96\x96\xbe\x13\x13\x13\x53\x86\
\x75\x75\x3f\x82\xf9\x67\x29\x95\xff\x01\x8d\xc2\x4e\xe1\xa6\x80\
\x43\xb9\x2d\x74\x00\xcc\x5b\xf2\xd8\x32\x6e\x11\x3a\x03\xab\xb0\
\xdf\xfd\xaa\xab\xae\xba\x6f\xf9\xf2\xe5\x2f\xb6\x6b\xd7\xae\x08\
\x1d\x00\x8d\xca\x0f\x49\x5f\x17\x44\x20\x34\x09\x38\x2a\xe8\xa1\
\x99\x65\x79\x25\x02\x91\x41\x00\xa2\xeb\x1b\x33\x66\xcc\x8e\x7b\
\xef\xbd\x77\xf9\xe9\xa7\x9f\xde\xaf\xb0\xb0\x70\x59\x59\x59\xd9\
\x0f\x18\x69\x57\x60\xeb\x4f\x48\x48\xb0\x30\x35\xcf\x6f\x75\x33\
\x02\x9e\x98\x98\x68\xb6\x18\xb5\xfb\x11\x4a\x71\xff\x86\xdd\xbb\
\x77\x4f\x3a\xf5\xd4\x53\x33\xda\xb7\x6f\xcf\xcf\x94\x7f\x8f\x73\
\xbe\xc8\xa0\xa3\x5c\x88\x40\xf4\x11\x90\xa0\x47\x5f\x99\x2b\xc7\
\x11\x46\x00\xd3\xf0\xe5\x0b\x16\x2c\x78\xbf\x7b\xf7\xee\x3d\x92\
\x93\x93\xdb\x61\xb4\x3e\x1b\xa3\xf4\x35\x10\xf3\x5d\x18\x9d\x97\
\x63\x54\x0e\x8d\xf7\x78\x30\x42\x2f\xf3\x78\x3c\xf9\x10\xfb\x4f\
\xb0\x3f\x0e\x71\x6e\xbb\xe3\x8e\x3b\x46\xce\x9d\x3b\xf7\x53\xda\
\x88\x30\x2c\xca\x8e\x08\x44\x1d\x81\x30\x16\xf4\xa8\x2b\x2b\x65\
\x58\x04\x0e\x4b\x00\xa2\x5c\xf8\xfc\xf3\xcf\xbf\x09\x61\x1f\xdc\
\xb4\x69\xd3\x87\xb0\x1e\xde\x05\x53\xed\x79\xb8\xe9\x11\x88\xfa\
\x6c\xec\x8f\xc3\x28\xbd\xfb\x79\xe7\x9d\xd7\xb9\x4b\x97\x2e\x79\
\x2b\x57\xae\xfc\x77\x0f\x7d\x65\x2b\xf0\xe8\x57\x04\x22\x83\x80\
\x04\x3d\x32\xca\x51\xb9\x10\x01\x43\x80\x53\xe6\x10\xf6\xfc\x59\
\xb3\x66\xfd\x73\xc5\x8a\x15\xcb\x73\x73\x73\x87\x67\x64\x64\xf4\
\xc1\x4f\xe6\xe8\xd1\xa3\x87\xbf\xf0\xc2\x0b\x4b\x66\xce\x9c\xf9\
\x11\xe2\x14\x22\xae\xd6\xc9\x0d\x35\xfd\x11\x81\xc8\x20\x20\x41\
\x3f\x44\x39\xea\xb4\x08\x44\x02\x01\xfe\x47\x37\xbe\x40\xc7\xc0\
\xfd\x48\xc8\x93\xf2\x20\x02\x22\x70\x70\x02\x12\xf4\x83\x73\xd1\
\x59\x11\x10\x01\x11\x10\x01\x11\x08\x2b\x02\x12\xf4\x3a\x29\x2e\
\x25\x2a\x02\x22\x20\x02\x22\x20\x02\x81\x25\x20\x41\x0f\x2c\x4f\
\x59\x13\x01\x11\x10\x01\x11\x10\x81\x3a\x21\x20\x41\xaf\x13\xec\
\xce\x26\x2a\xeb\x22\x20\x02\x22\x20\x02\xd1\x47\x40\x82\x1e\x7d\
\x65\xae\x1c\x8b\x80\x08\x88\x80\x08\x44\x20\x01\x09\x7a\x04\x16\
\xaa\xb3\x59\x92\x75\x11\x10\x01\x11\x10\x81\x50\x24\x20\x41\x0f\
\xc5\x52\x91\x4f\x22\x20\x02\x22\x20\x02\x22\x70\x94\x04\x24\xe8\
\x47\x09\x4c\xd1\x9d\x25\x20\xeb\x22\x20\x02\x22\x20\x02\x35\x23\
\x20\x41\xaf\x19\x37\xdd\x25\x02\x22\x20\x02\x22\x20\x02\x21\x45\
\x40\x82\x1e\x52\xc5\x21\x67\x9c\x25\x20\xeb\x22\x20\x02\x22\x10\
\xb9\x04\x24\xe8\x91\x5b\xb6\xca\x99\x08\x88\x80\x08\x88\x40\x14\
\x11\x90\xa0\x47\x51\x61\x2b\xab\xce\x12\x90\x75\x11\x10\x01\x11\
\xa8\x4b\x02\x12\xf4\xba\xa4\xaf\xb4\x45\x40\x04\x44\x40\x04\x44\
\x20\x40\x04\x24\xe8\x01\x02\x29\x33\x22\xe0\x2c\x01\x59\x17\x01\
\x11\x10\x81\xc3\x13\x90\xa0\x1f\x9e\x8f\xae\x8a\x80\x08\x88\x80\
\x08\x88\x40\x58\x10\x90\xa0\x87\x45\x31\xc9\x49\x11\x70\x96\x80\
\xac\x8b\x80\x08\x84\x3f\x01\x09\x7a\xf8\x97\xa1\x72\x20\x02\x22\
\x20\x02\x22\x20\x02\x96\x04\x5d\x0f\x81\x08\x88\x80\xc3\x04\x64\
\x5e\x04\x44\x20\x18\x04\x24\xe8\xc1\xa0\xac\x34\x44\x40\x04\x44\
\x40\x04\x44\xc0\x61\x02\x12\x74\x87\x01\xcb\xbc\x08\x88\x80\xb3\
\x04\x64\x5d\x04\x44\xe0\xbf\x04\x24\xe8\xff\xe5\xa0\xbf\x22\x20\
\x02\x22\x20\x02\x22\x10\xd6\x04\x24\xe8\x61\x5d\x7c\x72\x5e\x04\
\x44\xc0\x59\x02\xb2\x2e\x02\xe1\x43\x40\x82\x1e\x3e\x65\x25\x4f\
\x45\x40\x04\x44\x40\x04\x44\xe0\x90\x04\x24\xe8\x87\x44\xa3\x0b\
\x22\x20\x02\x22\xe0\x2c\x01\x59\x17\x81\x40\x12\x90\xa0\x07\x92\
\xa6\x6c\x89\x80\x08\x88\x80\x08\x88\x40\x1d\x11\x90\xa0\xd7\x11\
\x78\x25\x2b\x02\x22\x20\x02\xce\x12\x90\xf5\x68\x23\x20\x41\x8f\
\xb6\x12\x57\x7e\x45\x40\x04\x44\x40\x04\x22\x92\x80\x04\x3d\x22\
\x8b\x55\x99\x12\x01\x11\x10\x01\x67\x09\xc8\x7a\xe8\x11\x90\xa0\
\x87\x5e\x99\xc8\x23\x11\x10\x01\x11\x10\x01\x11\x38\x6a\x02\x12\
\xf4\xa3\x46\xa6\x1b\x44\x40\x04\x44\x40\x04\x9c\x25\x20\xeb\x35\
\x21\x20\x41\xaf\x09\x35\xdd\x23\x02\x22\x20\x02\x22\x20\x02\x21\
\x46\x40\x82\x1e\x62\x05\x22\x77\x44\x40\x04\x44\x40\x04\x9c\x25\
\x10\xa9\xd6\x25\xe8\x91\x5a\xb2\xca\x97\x08\x88\x80\x08\x88\x40\
\x54\x11\x90\xa0\x47\x55\x71\x2b\xb3\x22\x20\x02\x22\x20\x02\xce\
\x12\xa8\x3b\xeb\x12\xf4\xba\x63\xaf\x94\x45\x40\x04\x44\x40\x04\
\x44\x20\x60\x04\x24\xe8\x01\x43\x29\x43\x22\x20\x02\x22\x20\x02\
\x22\xe0\x2c\x81\xc3\x59\x97\xa0\x1f\x8e\x8e\xae\x89\x80\x08\x88\
\x80\x08\x88\x40\x98\x10\x90\xa0\x87\x49\x41\xc9\x4d\x11\x10\x01\
\x11\x10\x01\x11\x38\x1c\x81\xda\x0b\xfa\xe1\xac\xeb\x9a\x08\x88\
\x80\x08\x88\x80\x08\x88\x40\x50\x08\x48\xd0\x83\x82\x59\x89\x88\
\x80\x08\x88\x80\x08\x88\x80\xb3\x04\x42\x5d\xd0\x9d\xcd\xbd\xac\
\x8b\x80\x08\x88\x80\x08\x88\x40\x84\x10\x90\xa0\x47\x48\x41\x2a\
\x1b\x22\x20\x02\x22\x20\x02\xd1\x4d\x20\xba\x05\x3d\xba\xcb\x5e\
\xb9\x17\x01\x11\x10\x01\x11\x88\x20\x02\x12\xf4\x08\x2a\x4c\x65\
\x45\x04\x44\x40\x04\x44\x20\x7a\x09\x48\xd0\x9d\x2b\x7b\x59\x16\
\x01\x11\x10\x01\x11\x10\x81\xa0\x11\x90\xa0\x07\x0d\xb5\x12\x12\
\x01\x11\x10\x01\x11\x10\x01\xe7\x08\x48\xd0\x9d\x63\xeb\xac\x65\
\x59\x17\x01\x11\x10\x01\x11\x10\x81\x7d\x08\x48\xd0\xf7\x81\xa1\
\x5d\x11\x10\x01\x11\x10\x01\x11\x08\x57\x02\x12\xf4\x70\x2d\x39\
\x67\xfd\x96\x75\x11\x10\x01\x11\x10\x81\x30\x23\x20\x41\x0f\xb3\
\x02\x93\xbb\x22\x20\x02\x22\x20\x02\x22\x70\x30\x02\x12\xf4\x83\
\x51\xd1\x39\x67\x09\xc8\xba\x08\x88\x80\x08\x88\x40\xc0\x09\x48\
\xd0\x03\x8e\x54\x06\x45\x40\x04\x44\x40\x04\x44\x20\xf8\x04\x24\
\xe8\xc1\x67\xae\x14\x9d\x25\x20\xeb\x22\x20\x02\x22\x10\x95\x04\
\x24\xe8\x51\x59\xec\xca\xb4\x08\x88\x80\x08\x88\x40\xa4\x11\x90\
\xa0\x47\x5a\x89\x2a\x3f\xce\x12\x90\x75\x11\x10\x01\x11\x08\x51\
\x02\x12\xf4\x10\x2d\x18\xb9\x25\x02\x22\x20\x02\x22\x20\x02\x47\
\x43\x40\x82\x7e\x34\xb4\x14\x57\x04\x9c\x25\x20\xeb\x22\x20\x02\
\x22\x50\x63\x02\x12\xf4\x1a\xa3\xd3\x8d\x22\x20\x02\x22\x20\x02\
\x22\x10\x3a\x04\x24\xe8\xa1\x53\x16\xf2\x44\x04\x9c\x25\x20\xeb\
\x22\x20\x02\x11\x4d\x40\x82\x1e\xd1\xc5\xab\xcc\x89\x80\x08\x88\
\x80\x08\x44\x0b\x01\x09\x7a\xb4\x94\xb4\xf2\x29\x02\xce\x12\x90\
\x75\x11\x10\x81\x3a\x26\x20\x41\xaf\xe3\x02\x50\xf2\x22\x20\x02\
\x22\x20\x02\x22\x10\x08\x02\x12\xf4\x40\x50\x94\x0d\x11\x10\x01\
\x67\x09\xc8\xba\x08\x88\xc0\x11\x09\x48\xd0\x8f\x88\x48\x11\x44\
\x40\x04\x44\x40\x04\x44\x20\xf4\x09\x48\xd0\x43\xbf\x8c\xe4\xa1\
\x08\x88\x80\xb3\x04\x64\x5d\x04\x22\x82\x80\x04\x3d\x22\x8a\x51\
\x99\x10\x01\x11\x10\x01\x11\x88\x76\x02\x12\xf4\x68\x7f\x02\x94\
\x7f\x11\x10\x01\x67\x09\xc8\xba\x08\x04\x89\x80\x04\x3d\x48\xa0\
\x95\x8c\x08\x88\x80\x08\x88\x80\x08\x38\x49\x40\x82\xee\x24\x5d\
\xd9\x16\x01\x11\x10\x01\x67\x09\xc8\xba\x08\x54\x11\x90\xa0\x57\
\xa1\xd0\x8e\x08\x88\x80\x08\x88\x80\x08\x84\x2f\x01\x09\x7a\xf8\
\x96\x9d\x3c\x17\x01\x11\x10\x01\x67\x09\xc8\x7a\x58\x11\x90\xa0\
\x87\x55\x71\xc9\x59\x11\x10\x01\x11\x10\x01\x11\x38\x38\x01\x09\
\xfa\xc1\xb9\xe8\xac\x08\x88\x80\x08\x88\x80\xb3\x04\x64\x3d\xc0\
\x04\x24\xe8\x01\x06\x2a\x73\x22\x20\x02\x22\x20\x02\x22\x50\x17\
\x04\x24\xe8\x75\x41\x5d\x69\x8a\x80\x08\x88\x80\x08\x38\x4b\x20\
\x0a\xad\x4b\xd0\xa3\xb0\xd0\x95\x65\x11\x10\x01\x11\x10\x81\xc8\
\x23\x20\x41\x8f\xbc\x32\x55\x8e\x44\x40\x04\x44\x40\x04\x9c\x25\
\x10\x92\xd6\x25\xe8\x21\x59\x2c\x72\x4a\x04\x44\x40\x04\x44\x40\
\x04\x8e\x8e\x80\x04\xfd\xe8\x78\x29\xb6\x08\x88\x80\x08\x88\x80\
\x08\x38\x4b\xa0\x86\xd6\x25\xe8\x35\x04\xa7\xdb\x44\x40\x04\x44\
\x40\x04\x44\x20\x94\x08\x48\xd0\x43\xa9\x34\xe4\x8b\x08\x88\x80\
\x08\x88\x80\x08\xd4\x90\x40\x35\x05\xbd\x86\xd6\x75\x9b\x08\x88\
\x80\x08\x88\x80\x08\x88\x40\x50\x08\x48\xd0\x83\x82\x59\x89\x88\
\x80\x08\x88\x80\x08\x88\x80\xb3\x04\x42\x42\xd0\x9d\xcd\xa2\xac\
\x8b\x80\x08\x88\x80\x08\x88\x40\xe4\x13\x90\xa0\x47\x7e\x19\x2b\
\x87\x22\x20\x02\x22\x20\x02\x51\x40\x20\x0a\x04\x3d\x0a\x4a\x51\
\x59\x14\x01\x11\x10\x01\x11\x88\x7a\x02\x12\xf4\xa8\x7f\x04\x04\
\x40\x04\x44\x40\x04\x44\x20\x12\x08\x48\xd0\x6b\x59\x8a\xba\x5d\
\x04\x44\x40\x04\x44\x40\x04\x42\x81\x80\x04\x3d\x14\x4a\x41\x3e\
\x88\x80\x08\x88\x80\x08\x88\x40\x2d\x09\x48\xd0\x6b\x09\xd0\xd9\
\xdb\x65\x5d\x04\x44\x40\x04\x44\x40\x04\xaa\x47\x40\x82\x5e\x3d\
\x4e\x8a\x25\x02\x22\x20\x02\x22\x20\x02\x21\x4d\x40\x82\x1e\xd2\
\xc5\xe3\xac\x73\x95\x2c\x2f\x6e\x00\x00\x06\x5a\x49\x44\x41\x54\
\xb2\x2e\x02\x22\x20\x02\x22\x10\x39\x04\x24\xe8\x91\x53\x96\xca\
\x89\x08\x88\x80\x08\x88\x40\x14\x13\x90\xa0\x47\x71\xe1\x3b\x9b\
\x75\x59\x17\x01\x11\x10\x01\x11\x08\x26\x01\x09\x7a\x30\x69\x2b\
\x2d\x11\x10\x01\x11\x10\x01\x11\x70\x88\x80\x04\xdd\x21\xb0\x32\
\xeb\x2c\x01\x59\x17\x01\x11\x10\x01\x11\xd8\x9f\x80\x04\x7d\x7f\
\x1e\x3a\x12\x01\x11\x10\x01\x11\x10\x81\xb0\x24\x20\x41\x0f\xcb\
\x62\x93\xd3\xce\x12\x90\x75\x11\x10\x01\x11\x08\x3f\x02\x12\xf4\
\xf0\x2b\x33\x79\x2c\x02\x22\x20\x02\x22\x20\x02\xff\x43\x40\x82\
\xfe\x3f\x48\x74\x42\x04\x9c\x25\x20\xeb\x22\x20\x02\x22\xe0\x04\
\x01\x09\xba\x13\x54\x65\x53\x04\x44\x40\x04\x44\x40\x04\x82\x4c\
\x40\x82\x1e\x64\xe0\x4a\x4e\x04\x9c\x25\x20\xeb\x22\x20\x02\xd1\
\x4a\x40\x82\x1e\xad\x25\xaf\x7c\x8b\x80\x08\x88\x80\x08\x44\x14\
\x01\x09\x7a\x44\x15\xa7\x32\x23\x02\xce\x12\x90\x75\x11\x10\x81\
\xd0\x25\x20\x41\x0f\xdd\xb2\x91\x67\x22\x20\x02\x22\x20\x02\x22\
\x50\x6d\x02\x12\xf4\x6a\xa3\x52\x44\x11\x10\x01\x67\x09\xc8\xba\
\x08\x88\x40\x6d\x08\x48\xd0\x6b\x43\x4f\xf7\x8a\x80\x08\x88\x80\
\x08\x88\x40\x88\x10\x90\xa0\x87\x48\x41\xc8\x0d\x11\x10\x01\x67\
\x09\xc8\xba\x08\x44\x3a\x01\x09\x7a\xa4\x97\xb0\xf2\x27\x02\x22\
\x20\x02\x22\x10\x15\x04\x24\xe8\x51\x51\xcc\xca\xa4\x08\x88\x80\
\xb3\x04\x64\x5d\x04\xea\x9e\x80\x04\xbd\xee\xcb\x40\x1e\x88\x80\
\x08\x88\x80\x08\x88\x40\xad\x09\x48\xd0\x6b\x8d\x50\x06\x44\x40\
\x04\x44\xc0\x59\x02\xb2\x2e\x02\xd5\x21\x20\x41\xaf\x0e\x25\xc5\
\x11\x01\x11\x10\x01\x11\x10\x81\x10\x27\x20\x41\x0f\xf1\x02\x92\
\x7b\x22\x20\x02\x22\xe0\x2c\x01\x59\x8f\x14\x02\x12\xf4\x48\x29\
\x49\xe5\x43\x04\x44\x40\x04\x44\x20\xaa\x09\x48\xd0\xa3\xba\xf8\
\x95\x79\x11\x10\x01\x11\x70\x96\x80\xac\x07\x8f\x80\x04\x3d\x78\
\xac\x95\x92\x08\x88\x80\x08\x88\x80\x08\x38\x46\x40\x82\xee\x18\
\x5a\x19\x16\x01\x11\x10\x01\x11\x70\x96\x80\xac\xef\x4b\x40\x82\
\xbe\x2f\x0d\xed\x8b\x80\x08\x88\x80\x08\x88\x40\x98\x12\x90\xa0\
\x87\x69\xc1\xc9\x6d\x11\x10\x01\x11\x10\x01\x67\x09\x84\x9b\x75\
\x09\x7a\xb8\x95\x98\xfc\x15\x01\x11\x10\x01\x11\x10\x81\x83\x10\
\x90\xa0\x1f\x04\x8a\x4e\x89\x80\x08\x88\x80\x08\x88\x80\xb3\x04\
\x02\x6f\x5d\x82\x1e\x78\xa6\xb2\x28\x02\x22\x20\x02\x22\x20\x02\
\x41\x27\x20\x41\x0f\x3a\x72\x25\x28\x02\x22\x20\x02\x22\x20\x02\
\x81\x27\xb0\xaf\xa0\x07\xde\xba\x2c\x8a\x80\x08\x88\x80\x08\x88\
\x80\x08\x04\x85\x80\x04\x3d\x28\x98\x95\x88\x08\x88\x80\x08\x88\
\x80\x08\x38\x4b\x20\x78\x82\xee\x6c\x3e\x64\x5d\x04\x44\x40\x04\
\x44\x40\x04\xa2\x9a\x80\x04\x3d\xaa\x8b\x5f\x99\x17\x01\x11\x10\
\x01\x11\x88\x14\x02\x91\x22\xe8\x91\x52\x1e\xca\x87\x08\x88\x80\
\x08\x88\x80\x08\xd4\x88\x80\x04\xbd\x46\xd8\x74\x93\x08\x88\x80\
\x08\x88\x80\x08\x84\x16\x01\x09\x7a\x75\xca\x43\x71\x44\x40\x04\
\x44\x40\x04\x44\x20\xc4\x09\x48\xd0\x43\xbc\x80\xe4\x9e\x08\x88\
\x80\x08\x88\x80\x08\x54\x87\x80\x04\xbd\x3a\x94\x9c\x8d\x23\xeb\
\x22\x20\x02\x22\x20\x02\x22\x50\x6b\x02\x12\xf4\x5a\x23\x94\x01\
\x11\x10\x01\x11\x10\x01\x11\xa8\x7b\x02\x12\xf4\xba\x2f\x03\x67\
\x3d\x90\x75\x11\x10\x01\x11\x10\x81\xa8\x20\x20\x41\x8f\x8a\x62\
\x56\x26\x45\x40\x04\x44\x40\x04\x22\x9d\x80\x04\x3d\xd2\x4b\xd8\
\xd9\xfc\xc9\xba\x08\x88\x80\x08\x88\x40\x88\x10\x90\xa0\x87\x48\
\x41\xc8\x0d\x11\x10\x01\x11\x10\x01\x11\xa8\x0d\x01\x09\x7a\x6d\
\xe8\xe9\x5e\x67\x09\xc8\xba\x08\x88\x80\x08\x88\x40\xb5\x09\x48\
\xd0\xab\x8d\x4a\x11\x45\x40\x04\x44\x40\x04\x44\x20\x74\x09\x48\
\xd0\x43\xb7\x6c\xe4\x99\xb3\x04\x64\x5d\x04\x44\x40\x04\x22\x8a\
\x80\x04\x3d\xa2\x8a\x53\x99\x11\x01\x11\x10\x01\x11\x88\x56\x02\
\x12\xf4\x68\x2d\x79\xe5\xdb\x59\x02\xb2\x2e\x02\x22\x20\x02\x41\
\x26\x20\x41\x0f\x32\x70\x25\x27\x02\x22\x20\x02\x22\x20\x02\x4e\
\x10\x90\xa0\x3b\x41\x55\x36\x45\xc0\x59\x02\xb2\x2e\x02\x22\x20\
\x02\xff\x43\x40\x82\xfe\x3f\x48\x74\x42\x04\x44\x40\x04\x44\x40\
\x04\xc2\x8f\x80\x04\x3d\xfc\xca\x4c\x1e\x8b\x80\xb3\x04\x64\x5d\
\x04\x44\x20\x2c\x09\x48\xd0\xc3\xb2\xd8\xe4\xb4\x08\x88\x80\x08\
\x88\x80\x08\xec\x4f\x40\x82\xbe\x3f\x0f\x1d\x89\x80\x08\x38\x4b\
\x40\xd6\x45\x40\x04\x1c\x22\x20\x41\x77\x08\xac\xcc\x8a\x80\x08\
\x88\x80\x08\x88\x40\x30\x09\x48\xd0\x83\x49\x5b\x69\x89\x80\x08\
\x38\x4b\x40\xd6\x45\x20\x8a\x09\x48\xd0\xa3\xb8\xf0\x95\x75\x11\
\x10\x01\x11\x10\x81\xc8\x21\x20\x41\x8f\x9c\xb2\x54\x4e\x44\x40\
\x04\x9c\x25\x20\xeb\x22\x10\xd2\x04\x24\xe8\x21\x5d\x3c\x72\x4e\
\x04\x44\x40\x04\x44\x40\x04\xaa\x47\x40\x82\x5e\x3d\x4e\x8a\x25\
\x02\x22\x20\x02\xce\x12\x90\x75\x11\xa8\x25\x01\x09\x7a\x2d\x01\
\xea\x76\x11\x10\x01\x11\x10\x01\x11\x08\x05\x02\x12\xf4\x50\x28\
\x05\xf9\x20\x02\x22\x20\x02\xce\x12\x90\xf5\x28\x20\x20\x41\x8f\
\x82\x42\x56\x16\x45\x40\x04\x44\x40\x04\x22\x9f\x80\x04\x3d\xf2\
\xcb\x58\x39\x14\x01\x11\x10\x01\x67\x09\xc8\x7a\x48\x10\x90\xa0\
\x87\x44\x31\xc8\x09\x11\x10\x01\x11\x10\x01\x11\xa8\x1d\x01\x09\
\x7a\xed\xf8\xe9\x6e\x11\x10\x01\x11\x10\x01\x67\x09\xc8\x7a\x35\
\x09\x48\xd0\xab\x09\x4a\xd1\x44\x40\x04\x44\x40\x04\x44\x20\x94\
\x09\x48\xd0\x43\xb9\x74\xe4\x9b\x08\x88\x80\x08\x88\x80\xb3\x04\
\x22\xc8\xba\x04\x3d\x82\x0a\x53\x59\x11\x01\x11\x10\x01\x11\x88\
\x5e\x02\x12\xf4\xe8\x2d\x7b\xe5\x5c\x04\x44\x40\x04\x44\xc0\x59\
\x02\x41\xb5\x2e\x41\x0f\x2a\x6e\x25\x26\x02\x22\x20\x02\x22\x20\
\x02\xce\x10\x90\xa0\x3b\xc3\x55\x56\x45\x40\x04\x44\x40\x04\x44\
\xc0\x59\x02\x07\x58\x97\xa0\x1f\x00\x44\x87\x22\x20\x02\x22\x20\
\x02\x22\x10\x8e\x04\x24\xe8\xe1\x58\x6a\xf2\x59\x04\x44\x40\x04\
\x44\x40\x04\x0e\x20\x10\x60\x41\x3f\xc0\xba\x0e\x45\x40\x04\x44\
\x40\x04\x44\x40\x04\x82\x42\x40\x82\x1e\x14\xcc\x4a\x44\x04\x44\
\x40\x04\x44\x40\x04\x9c\x25\x10\x56\x82\xee\x2c\x0a\x59\x17\x01\
\x11\x10\x01\x11\x10\x81\xf0\x25\x20\x41\x0f\xdf\xb2\x93\xe7\x22\
\x20\x02\x22\x20\x02\x22\x50\x45\x40\x82\x5e\x85\x42\x3b\x22\x20\
\x02\x22\x20\x02\x22\x10\xbe\x04\x24\xe8\xe1\x5b\x76\xf2\x5c\x04\
\x44\x40\x04\x44\x40\x04\xaa\x08\x48\xd0\xab\x50\x38\xbb\x23\xeb\
\x22\x20\x02\x22\x20\x02\x22\xe0\x24\x01\x09\xba\x93\x74\x65\x5b\
\x04\x44\x40\x04\x44\x40\x04\x82\x44\x40\x82\x1e\x24\xd0\xce\x26\
\x23\xeb\x22\x20\x02\x22\x20\x02\xd1\x4e\x40\x82\x1e\xed\x4f\x80\
\xf2\x2f\x02\x22\x20\x02\x22\x10\x11\x04\x24\xe8\x11\x51\x8c\xce\
\x66\x42\xd6\x45\x40\x04\x44\x40\x04\x42\x9f\x80\x04\x3d\xf4\xcb\
\x48\x1e\x8a\x80\x08\x88\x80\x08\x88\xc0\x11\x09\x48\xd0\x8f\x88\
\x48\x11\x9c\x25\x20\xeb\x22\x20\x02\x22\x20\x02\x81\x20\x20\x41\
\x0f\x04\x45\xd9\x10\x01\x11\x10\x01\x11\x10\x81\x3a\x26\x20\x41\
\xaf\xe3\x02\x50\xf2\xce\x12\x90\x75\x11\x10\x01\x11\x88\x16\x02\
\x12\xf4\x68\x29\x69\xe5\x53\x04\x44\x40\x04\x44\x20\xa2\x09\x48\
\xd0\x23\xba\x78\x95\x39\x67\x09\xc8\xba\x08\x88\x80\x08\x84\x0e\
\x01\x09\x7a\xe8\x94\x85\x3c\x11\x01\x11\x10\x01\x11\x10\x81\x1a\
\x13\x90\xa0\xd7\x18\x9d\x6e\x14\x01\x67\x09\xc8\xba\x08\x88\x80\
\x08\x1c\x0d\x81\xff\x07\x00\x00\xff\xff\x32\xd3\xd5\x77\x00\x00\
\x00\x06\x49\x44\x41\x54\x03\x00\xe1\xd9\xb1\x14\xbd\xfd\x08\x08\
\x00\x00\x00\x00\x49\x45\x4e\x44\xae\x42\x60\x82\
"

qt_resource_name = b"\
\x00\x05\
\x00\x79\xca\x83\
\x00\x73\
\x00\x65\x00\x74\x00\x61\x00\x73\
\x00\x0f\
\x06\xdb\xe6\xa7\
\x00\x69\
\x00\x6d\x00\x61\x00\x67\x00\x65\x00\x2d\x00\x61\x00\x72\x00\x72\x00\x6f\x00\x77\x00\x2e\x00\x70\x00\x6e\x00\x67\
"

qt_resource_struct_v1 = b"\
\x00\x00\x00\x00\x00\x02\x00\x00\x00\x01\x00\x00\x00\x01\
\x00\x00\x00\x00\x00\x02\x00\x00\x00\x01\x00\x00\x00\x02\
\x00\x00\x00\x10\x00\x00\x00\x00\x00\x01\x00\x00\x00\x00\
"

qt_resource_struct_v2 = b"\
\x00\x00\x00\x00\x00\x02\x00\x00\x00\x01\x00\x00\x00\x01\
\x00\x00\x00\x00\x00\x00\x00\x00\
\x00\x00\x00\x00\x00\x02\x00\x00\x00\x01\x00\x00\x00\x02\
\x00\x00\x00\x00\x00\x00\x00\x00\
\x00\x00\x00\x10\x00\x00\x00\x00\x00\x01\x00\x00\x00\x00\
\x00\x00\x01\x9e\x2b\xfd\xbd\xcb\
"

qt_version = [int(v) for v in QtCore.qVersion().split('.')]
if qt_version < [5, 8, 0]:
    rcc_version = 1
    qt_resource_struct = qt_resource_struct_v1
else:
    rcc_version = 2
    qt_resource_struct = qt_resource_struct_v2

def qInitResources():
    QtCore.qRegisterResourceData(rcc_version, qt_resource_struct, qt_resource_name, qt_resource_data)

def qCleanupResources():
    QtCore.qUnregisterResourceData(rcc_version, qt_resource_struct, qt_resource_name, qt_resource_data)

qInitResources()
